AvgTemp,MaxTemp,MinTemp,Prec,MaxInsWind,MaxWind,AvgWind,AvgDewPoint,MinHum,AvgHum,SunTime,AvgGroundTemp,AvgGrassTemp,beforeAvgPrice,beforeMaxPrice,beforeMinPrice,beforeStartPrice,beforeEndPrice,quantity,price
12.96,19.14,6.88,2.9167,6.74,229.83,4.25,8.34,46.6,75.03,6.06,13.53,4.51,275,334,215,215,334,751,294
12.71,18.9,6.68,2.95,6.92,231,4.3,8.09,46.5,74.92,5.98,13.27,4.3,275,334,215,215,334,328,241
12.45,18.62,6.48,2.9517,6.97,231.33,4.3,7.85,46.48,74.95,5.94,12.99,4.08,275,334,215,215,334,324,233
12.26,18.36,6.31,2.96,7.02,235.17,4.29,7.64,46.47,74.82,5.81,12.76,3.89,275,334,215,215,334,346,251
12.02,18.09,6.17,2.9683,7.09,234.83,4.29,7.43,46.65,74.85,5.69,12.48,3.74,275,334,215,215,334,511,233
11.75,17.76,5.98,3.1183,7.12,239.83,4.3,7.24,46.88,75.21,5.51,12.19,3.59,275,334,215,215,334,158,361
11.29,17.13,5.66,3.1517,7.14,236.67,4.3,6.85,47.58,75.43,5.35,11.7,3.26,275,334,215,215,334,392,287
11.07,16.81,5.55,3.2517,7.21,240.83,4.33,6.67,47.85,75.51,5.32,11.43,3.1,275,334,215,215,334,417,245
10.8,16.51,5.38,3.2517,7.24,239.83,4.36,6.38,47.83,75.3,5.3,11.11,2.88,275,334,215,215,334,549,239
10.56,16.23,5.12,3.2517,7.2,244,4.32,6.22,48.22,75.62,5.15,10.83,2.61,275,334,215,215,334,652,244
10.35,16.02,4.93,3.2233,7.3,244,4.34,5.99,48.05,75.44,5.19,10.62,2.41,275,334,215,215,334,590,233
10.11,15.73,4.76,3.2067,7.33,249,4.35,5.73,47.83,75.27,5.19,10.37,2.2,275,334,215,215,334,318,214
9.7,15.19,4.53,3.2483,7.37,244,4.34,5.4,48.28,75.52,5.03,9.94,1.94,275,334,215,215,334,262,268
9.56,15.01,4.39,3.2567,7.25,245.5,4.33,5.29,48.52,75.61,4.95,9.73,1.8,275,334,215,215,334,502,235
9.38,14.77,4.29,3.415,7.39,245.17,4.37,5.18,49.05,75.83,4.8,9.53,1.74,275,334,215,215,334,261,200
9.15,14.38,4.17,3.74,7.51,245.83,4.41,5.04,49.72,76.09,4.64,9.3,1.71,275,334,215,215,334,134,189
8.84,14.01,3.9,3.74,7.57,248.5,4.4,4.7,49.58,75.91,4.65,9.05,1.67,275,334,215,215,334,67,269
8.46,13.73,3.36,3.715,7.53,249.5,4.37,4.34,49.27,75.92,4.69,8.73,1.38,275,334,215,215,334,88,342
7.85,13,2.82,2.9317,7.44,247.5,4.28,3.75,47.98,74.39,4.63,8.11,0.86,275,334,215,215,334,441,248
7.63,12.74,2.61,2.94,7.51,251,4.31,3.54,48.12,74.34,4.55,7.87,0.66,275,334,215,215,334,158,268
7.46,12.53,2.44,2.94,7.49,249.83,4.3,3.35,48.1,74.24,4.53,7.64,0.44,275,334,215,215,334,458,231
7.3,12.33,2.32,2.94,7.58,250.17,4.31,3.18,48.28,74.09,4.41,7.45,0.26,275,334,215,215,334,270,196
7.08,12.04,2.14,2.94,7.66,250.5,4.35,2.88,47.88,73.67,4.44,7.2,0.05,275,334,215,215,334,358,162
6.88,11.82,2,2.94,7.63,245.17,4.36,2.69,48,73.65,4.42,6.97,-0.13,275,334,215,215,334,148,180
6.52,11.41,1.7,2.94,7.69,246.33,4.39,2.35,48.47,73.67,4.42,6.56,-0.5,275,334,215,215,334,237,245
6.32,11.23,1.57,2.94,7.69,249,4.38,2.17,48.37,73.74,4.46,6.35,-0.66,275,334,215,215,334,337,260
6.12,11.16,1.29,2.39,7.67,252.5,4.33,1.91,47.47,73.49,4.6,6.12,-0.97,275,334,215,215,334,337,220
5.5,10.59,0.74,2.375,7.79,252.5,4.38,1.33,47.25,73.44,4.56,5.57,-1.54,244,361,162,294,220,28,231
5.25,10.3,0.56,2.375,7.78,257.83,4.35,1.13,47.97,73.62,4.51,5.32,-1.77,244,361,162,294,220,27,292
5.03,9.98,0.44,2.375,7.64,252.17,4.28,0.98,47.08,72.31,4.43,5.11,-1.85,244,361,162,294,220,19,300
4.9,9.94,0.33,2.3833,7.74,252.17,4.31,0.83,46.93,72.18,4.41,5,-1.96,244,361,162,294,220,9,311
4.57,9.57,0.05,2.3817,7.89,257.5,4.36,0.41,46.87,71.61,4.41,4.66,-2.24,244,361,162,294,220,9,258
4.47,9.41,-0.05,2.3817,7.93,257.17,4.38,0.31,46.92,71.55,4.35,4.54,-2.34,244,361,162,294,220,9,239
4.21,9.17,-0.3,2.3067,7.89,257.5,4.38,0.05,47.18,71.46,4.46,4.23,-2.65,244,361,162,294,220,18,259
4.1,9.08,-0.45,2.2983,7.86,257.17,4.37,-0.05,47.03,71.47,4.56,4.12,-2.83,244,361,162,294,220,19,272
4.06,9.03,-0.55,2.2983,7.81,253.83,4.37,-0.12,47.08,71.3,4.52,4.05,-2.94,244,361,162,294,220,9,239
4.04,8.94,-0.48,2.315,7.78,254.17,4.36,-0.13,47.32,71.27,4.46,4.01,-2.87,244,361,162,294,220,10,276
3.95,8.83,-0.6,2.315,7.84,254.17,4.41,-0.2,47.5,71.31,4.56,3.88,-3.02,244,361,162,294,220,9,331
3.99,8.92,-0.63,2.3167,8.04,259.5,4.49,-0.19,48.55,72.78,4.56,3.91,-3.14,244,361,162,294,220,9,294
3.81,8.66,-0.75,2.32,8.08,258.67,4.51,-0.32,49.12,72.88,4.49,3.75,-3.27,244,361,162,294,220,19,336
3.8,8.52,-0.69,2.32,8.18,258.67,4.57,-0.36,49.28,72.64,4.42,3.71,-3.21,244,361,162,294,220,20,300
3.72,8.39,-0.72,2.32,8.22,254.5,4.58,-0.5,48.9,72.3,4.46,3.63,-3.28,244,361,162,294,220,9,276
3.66,8.22,-0.7,2.345,8.2,259.5,4.57,-0.57,49.08,72.24,4.38,3.57,-3.28,244,361,162,294,220,28,292
3.34,7.93,-1,1.5283,8.25,266.33,4.56,-0.92,48.63,71.98,4.61,3.29,-3.62,244,361,162,294,220,18,297
3.13,7.78,-1.36,1.6967,8.3,263.17,4.58,-1.16,48.43,71.86,4.62,3.03,-4.01,244,361,162,294,220,19,309
2.96,7.47,-1.42,1.6967,8.22,261.33,4.53,-1.3,47.45,70.45,4.5,2.87,-4.04,244,361,162,294,220,9,285
2.75,7.27,-1.63,1.63,8.26,264.83,4.51,-1.54,47.1,70.22,4.57,2.7,-4.25,244,361,162,294,220,27,275
2.53,7.05,-1.82,1.63,8.3,270,4.54,-1.79,46.75,70.09,4.57,2.53,-4.45,244,361,162,294,220,8,230
2.31,6.83,-2.08,1.4467,8.27,270,4.53,-1.99,46.85,70.23,4.57,2.32,-4.72,244,361,162,294,220,18,309
2.25,6.7,-2.1,1.4217,8.2,265,4.49,-2.05,47,70.2,4.62,2.24,-4.74,244,361,162,294,220,9,294
2.12,6.61,-2.22,1.4117,8.15,264.67,4.5,-2.21,46.62,70,4.84,2.1,-4.86,283,336,230,231,294,18,277
2.1,6.68,-2.38,1.2533,8.03,264.67,4.46,-2.29,46.08,69.78,5.02,2.04,-5.14,283,336,230,231,294,19,317
2.13,6.72,-2.35,1.22,8.05,269.67,4.46,-2.29,45.85,69.55,4.92,2.03,-5.15,283,336,230,231,294,9,315
1.97,6.57,-2.48,1.145,8.26,277.83,4.46,-2.48,45.83,69.33,4.75,1.9,-5.27,283,336,230,231,294,19,298
1.88,6.5,-2.62,1.0983,8.21,276.33,4.44,-2.6,45.65,69.2,4.93,1.84,-5.43,283,336,230,231,294,9,331
1.91,6.62,-2.69,1.0567,8.14,274.5,4.44,-2.59,45.47,69.13,4.96,1.84,-5.54,283,336,230,231,294,10,304
1.94,6.62,-2.66,1.0567,8.26,279.5,4.48,-2.62,45.42,68.81,4.94,1.88,-5.5,283,336,230,231,294,10,304
1.86,6.55,-2.73,1.04,8.32,283,4.48,-2.75,45.28,68.56,5.04,1.84,-5.59,283,336,230,231,294,28,309
2.02,6.81,-2.74,0.7317,8.16,278,4.48,-2.6,45.15,68.5,5.16,1.91,-5.78,283,336,230,231,294,10,331
2.62,7.28,-1.94,0.7733,8.44,276.17,4.71,-2.11,46.88,69.66,5.13,2.4,-5.44,283,336,230,231,294,29,368
2.65,7.33,-1.92,0.7733,8.4,275.83,4.69,-2.05,47.08,69.8,5.1,2.45,-5.4,283,336,230,231,294,18,370
2.71,7.42,-1.85,0.7733,8.4,281.5,4.67,-1.99,47.03,69.8,5.11,2.54,-5.31,283,336,230,231,294,21,357
2.87,7.5,-1.66,0.7733,8.5,281.83,4.7,-1.96,46.37,69.19,5.01,2.75,-5.06,283,336,230,231,294,10,322
2.84,7.29,-1.68,0.8467,8.56,277.5,4.71,-2.09,46.55,68.59,4.9,2.82,-5.07,323,370,277,277,322,20,405
2.91,7.48,-1.71,0.8133,8.45,272.17,4.69,-2.06,46.03,68.48,5.02,2.88,-5.13,323,370,277,277,322,10,376
2.99,7.56,-1.66,0.805,8.44,272.17,4.68,-1.97,46.33,68.6,4.97,2.98,-5.04,323,370,277,277,322,19,385
3.01,7.53,-1.56,0.805,8.55,272.17,4.71,-2.06,46.05,68.03,4.97,3.05,-4.93,323,370,277,277,322,10,368
2.98,7.46,-1.58,0.805,8.58,266.83,4.75,-2.22,45.42,67.47,4.95,3.08,-4.92,323,370,277,277,322,10,421
3.05,7.65,-1.62,0.805,8.66,271.33,4.8,-2.25,46.05,68.56,5.01,3.18,-5.02,323,370,277,277,322,9,442
3.17,7.81,-1.71,0.7967,8.49,268.33,4.77,-2.17,45.23,68.61,5.08,3.36,-5.16,323,370,277,277,322,18,434
3.21,7.89,-1.73,0.7983,8.55,269.5,4.78,-2.13,44.92,68.61,5.12,3.48,-5.14,323,370,277,277,322,18,460
3.16,7.81,-1.74,0.7983,8.64,269.83,4.79,-2.23,44.82,68.36,5.14,3.52,-5.12,323,370,277,277,322,19,451
3.2,7.83,-1.68,0.7983,8.68,268.67,4.82,-2.26,44.58,68.04,5.11,3.6,-5.03,323,370,277,277,322,9,497
3.25,7.86,-1.64,0.7983,8.62,267.5,4.8,-2.28,44.03,67.77,5.17,3.72,-5,323,370,277,277,322,19,496
3.4,7.99,-1.51,0.7983,8.62,266.33,4.82,-2.07,44.55,68.06,5.02,3.88,-4.84,323,370,277,277,322,9,506
3.45,8.15,-1.58,0.7817,8.67,269.33,4.84,-2.24,43.25,67.38,5.19,4.05,-4.93,323,370,277,277,322,9,534
3.55,8.35,-1.53,0.7733,8.63,266.33,4.81,-2.23,42.85,67.11,5.19,4.19,-4.87,323,370,277,277,322,18,485
3.92,8.84,-1.25,1.2133,8.49,263,4.82,-1.86,42.73,67.24,5.17,4.58,-4.51,323,370,277,277,322,19,455
4.09,9.01,-1.05,1.2267,8.47,263.83,4.82,-1.65,43.07,67.56,5.11,4.82,-4.3,323,370,277,277,322,18,505
4.2,9.18,-0.97,1.2267,8.41,264.17,4.78,-1.51,43.17,67.79,5.12,4.96,-4.21,323,370,277,277,322,9,534
4.38,9.44,-0.84,1.2017,8.48,268,4.82,-1.38,42.33,67.6,5.31,5.22,-4.06,323,370,277,277,322,19,484
4.4,9.5,-0.87,1.1933,8.53,267.67,4.83,-1.48,41.68,67.08,5.43,5.26,-4.11,323,370,277,277,322,18,482
4.45,9.56,-0.83,1.1933,8.59,268,4.86,-1.52,41.38,66.74,5.46,5.34,-4.08,323,370,277,277,322,18,497
4.49,9.63,-0.84,1.1933,8.58,266.83,4.89,-1.59,40.78,66.38,5.51,5.43,-4.11,323,370,277,277,322,18,479
4.45,9.71,-0.9,1.01,8.57,268.33,4.88,-1.75,39.85,65.98,5.7,5.47,-4.2,323,370,277,277,322,29,449
4.87,10.51,-0.83,1.01,8.52,270.17,4.91,-1.57,39.68,66.8,5.79,5.99,-4.22,323,370,277,277,322,19,420
5.08,10.81,-0.7,0.86,8.49,269,4.89,-1.4,39.25,66.6,5.95,6.23,-4.1,323,370,277,277,322,10,320
13.05,19.07,7.62,1.645,8.6,234,5.14,9.76,56.67,82.5,5.25,15.15,4.95,440,602,281,281,370,587,292
12.88,18.95,7.42,1.645,8.46,234,5.11,9.66,56.57,82.74,5.23,14.91,4.72,440,602,281,281,370,427,377
12.78,18.79,7.34,1.665,8.53,234.67,5.13,9.54,56.48,82.68,5.12,14.69,4.61,440,602,281,281,370,797,326
12.56,18.49,7.18,1.665,8.68,233.5,5.22,9.3,56.83,82.44,5.05,14.38,4.46,440,602,281,281,370,476,352
12.36,18.19,7.03,1.665,8.79,234.17,5.27,9.05,56.9,82.12,4.94,14.07,4.32,440,602,281,281,370,503,249
11.97,17.61,6.67,1.665,8.9,236.33,5.32,8.62,57.03,81.78,4.72,13.47,3.92,440,602,281,281,370,600,243
11.74,17.38,6.38,1.6517,8.96,235.83,5.34,8.33,56.67,81.42,4.83,13.2,3.61,440,602,281,281,370,464,231
11.56,17.21,6.23,1.625,8.96,237.33,5.35,8.15,56.75,81.34,4.83,12.96,3.41,440,602,281,281,370,416,230
11.46,17.13,6.07,1.6117,8.89,234.33,5.32,8.03,56.75,81.25,4.81,12.78,3.23,440,602,281,281,370,286,346
11.41,17.02,6.08,2.1283,8.85,231.67,5.33,8.06,57.37,81.67,4.72,12.66,3.29,440,602,281,281,370,391,279
11.33,16.9,6.08,2.1667,8.79,231.67,5.3,8.01,57.65,81.79,4.7,12.54,3.31,440,602,281,281,370,386,252
11.17,16.58,6.08,2.1667,8.73,225.33,5.27,7.82,57.82,81.53,4.37,12.17,3.34,440,602,281,281,370,438,253
11.09,16.37,6.09,2.1933,8.77,223,5.3,7.75,58.18,81.55,4.23,11.98,3.35,440,602,281,281,370,273,320
10.98,16.16,6.02,2.1967,8.84,223.33,5.32,7.6,58.33,81.36,4.16,11.78,3.27,440,602,281,281,370,369,265
10.79,15.86,5.87,2.2267,9.02,224.33,5.41,7.37,58.25,81.11,4.11,11.5,3.12,440,602,281,281,370,337,261
10.52,15.47,5.69,2.2483,9.11,224.67,5.4,7.13,59,81.14,4.05,11.2,2.96,440,602,281,281,370,270,231
10.26,15.16,5.5,2.2483,9.14,222.67,5.4,6.88,59.12,81.14,3.96,10.88,2.72,440,602,281,281,370,162,294
9.82,14.63,5.1,2.3083,9.1,223.17,5.38,6.47,59.2,81.21,3.87,10.33,2.25,440,602,281,281,370,366,305
9.63,14.43,4.93,2.3633,9.11,227.67,5.38,6.3,59.18,81.27,3.83,10.09,2.03,440,602,281,281,370,396,290
9.47,14.26,4.7,2.3667,9.11,228.5,5.38,6.13,59.22,81.25,3.84,9.84,1.8,440,602,281,281,370,328,265
9.34,14.05,4.63,2.4483,9.05,228.5,5.34,6.03,59.57,81.34,3.76,9.65,1.66,440,602,281,281,370,232,259
9.17,13.83,4.52,2.4483,9.11,231,5.34,5.87,59.62,81.35,3.7,9.42,1.54,440,602,281,281,370,141,304
8.95,13.6,4.27,2.4483,9.1,233.5,5.31,5.63,59.37,81.22,3.69,9.18,1.31,440,602,281,281,370,130,347
8.6,13.24,3.92,2.16,9.05,235.83,5.27,5.29,59.4,81.18,3.75,8.74,0.97,440,602,281,281,370,210,467
8.39,12.97,3.8,2.16,9.13,237,5.29,5.09,59.6,81.14,3.63,8.51,0.81,440,602,281,281,370,392,366
8.21,12.84,3.6,2.16,9.08,236.67,5.26,4.96,59.73,81.35,3.63,8.3,0.58,440,602,281,281,370,279,377
8.08,12.75,3.45,2.16,8.95,236,5.22,4.91,59.77,81.69,3.57,8.07,0.39,440,602,281,281,370,193,373
7.72,12.31,3.16,2.17,8.92,236.5,5.19,4.61,60.57,81.9,3.48,7.56,0.03,302,467,230,292,373,29,396
7.55,12.1,2.99,2.17,8.99,239.83,5.23,4.42,60.53,81.79,3.55,7.38,-0.18,302,467,230,292,373,9,437
7.3,11.84,2.75,2.14,8.88,244,5.15,4.1,59.93,81.41,3.55,7.15,-0.44,302,467,230,292,373,18,425
7.08,11.64,2.46,2.0133,8.88,247,5.12,3.78,59.1,80.87,3.67,6.94,-0.76,302,467,230,292,373,19,311
6.84,11.41,2.21,1.8667,8.96,247.33,5.14,3.48,58.32,80.51,3.68,6.7,-1.01,302,467,230,292,373,9,344
6.64,11.24,2,1.865,8.91,247,5.15,3.24,57.85,80.24,3.74,6.51,-1.31,302,467,230,292,373,5,344
6.3,10.9,1.72,1.865,8.97,247.83,5.18,2.87,57.28,80.04,3.8,6.18,-1.64,302,467,230,292,373,28,374
5.84,10.46,1.23,1.5967,8.96,255.33,5.07,2.29,56.75,79.31,3.91,5.77,-2.14,302,467,230,292,373,9,430
5.41,9.99,0.76,1.5883,9.1,254.17,5.15,1.73,55.85,78.62,3.96,5.35,-2.69,302,467,230,292,373,19,453
4.58,9.41,-0.24,1.4467,9.2,264.17,5.16,0.71,53.42,77.49,4.19,4.56,-3.8,302,467,230,292,373,9,457
4.32,9.1,-0.46,1.4717,9.43,263.33,5.26,0.42,53.25,77.33,4.17,4.32,-3.96,302,467,230,292,373,10,478
4.09,8.83,-0.63,1.4717,9.53,262.83,5.27,0.16,53.2,77.07,4.21,4.13,-4.14,302,467,230,292,373,3,497
3.86,8.53,-0.77,1.4717,9.61,261.33,5.3,-0.12,52.92,76.73,4.16,3.94,-4.28,302,467,230,292,373,9,581
3.02,7.68,-1.62,1.26,9.64,259.5,5.33,-1.05,51.93,76.16,4.25,3.29,-4.93,302,467,230,292,373,10,662
2.87,7.61,-1.81,1.2483,9.54,262.83,5.3,-1.19,51.73,76.21,4.41,3.1,-4.99,302,467,230,292,373,19,655
2.79,7.47,-1.82,1.5117,9.52,262.5,5.29,-1.23,52.32,76.44,4.37,2.98,-4.95,302,467,230,292,373,10,644
2.74,7.34,-1.79,1.8183,9.5,262.5,5.3,-1.24,52.93,76.62,4.26,2.92,-4.86,302,467,230,292,373,10,626
2.52,7.02,-1.85,1.7983,9.61,258,5.33,-1.48,53.78,76.44,4.18,2.76,-4.91,477,662,311,396,626,19,600
2.28,6.82,-2.06,1.7983,9.58,258,5.23,-1.66,54.05,76.69,4.39,2.6,-5.18,477,662,311,396,626,19,640
2.15,6.76,-2.19,1.7983,9.61,258.83,5.22,-1.79,53.9,76.67,4.54,2.51,-5.34,477,662,311,396,626,28,545
1.44,6.2,-3.09,1.2333,9.83,264.5,5.32,-2.74,52.13,75.57,4.94,1.87,-6.48,477,662,311,396,626,19,703
1.46,6.19,-3.1,1.235,9.98,265.33,5.43,-2.74,52.35,75.47,4.99,1.88,-6.5,477,662,311,396,626,19,738
1.57,6.35,-3.1,1.54,10.09,266.67,5.48,-2.53,53.6,76.02,4.86,1.96,-6.43,477,662,311,396,626,18,826
1.54,6.31,-3.14,1.5183,10.11,265.5,5.53,-2.58,53.33,75.9,4.88,1.94,-6.49,477,662,311,396,626,19,798
1.56,6.32,-3.14,1.5183,10.21,270,5.6,-2.61,53.07,75.61,4.92,1.94,-6.5,477,662,311,396,626,10,814
1.55,6.25,-3.15,1.5183,10.29,270,5.64,-2.67,52.85,75.32,4.94,1.95,-6.52,477,662,311,396,626,18,728
1.52,6.29,-3.2,1.4583,10.4,269.67,5.71,-2.75,52.38,75.14,5.1,1.95,-6.61,477,662,311,396,626,10,644
1.34,6.14,-3.33,1.3183,10.6,270.17,5.8,-3.16,50.35,73.97,5.27,1.9,-6.74,477,662,311,396,626,10,672
1.29,6.1,-3.37,1.3183,10.5,270.17,5.78,-3.23,49.95,73.84,5.17,1.88,-6.75,477,662,311,396,626,10,962
1.31,6.14,-3.33,1.3183,10.52,270.17,5.77,-3.22,49.97,73.82,5.14,1.92,-6.67,477,662,311,396,626,19,962
1.23,5.98,-3.32,1.3183,10.63,269.67,5.8,-3.36,49.95,73.47,5.14,1.89,-6.67,477,662,311,396,626,10,598
1.19,6,-3.43,1.3183,10.61,269.67,5.79,-3.43,49.37,73.41,5.16,1.91,-6.81,477,662,311,396,626,8,920
1.24,6.1,-3.49,1.3183,10.56,268.17,5.8,-3.37,49.33,73.47,5.18,1.92,-6.87,477,662,311,396,626,10,870
1.49,6.26,-3.23,1.7283,11.03,261.5,6.1,-3.24,48.77,72.89,5.14,2.27,-6.54,751,962,545,600,870,10,916
2.01,6.92,-2.82,2.6367,10.96,258.83,6.13,-2.5,49.88,74.19,5.14,2.81,-6.08,751,962,545,600,870,3,738
2.02,6.88,-2.69,2.6917,11.14,258.67,6.21,-2.62,49.5,73.56,5.24,2.88,-5.89,751,962,545,600,870,10,938
17.75,22.94,13.22,6.86,8.37,207.83,5.24,13.14,55.63,76.07,4.12,21.14,12.07,661,840,320,673,809,1,875
17.24,22.36,12.79,6.9083,8.52,212.17,5.35,12.44,55.08,75.36,4.08,20.45,11.62,661,840,320,673,809,20,345
16.74,21.87,12.28,7.01,8.69,216.33,5.43,11.93,54.45,75.27,4.09,19.81,11.07,661,840,320,673,809,19,750
16.4,21.56,11.83,7.405,8.75,213.67,5.46,11.58,54.2,75.2,4.05,19.26,10.56,661,840,320,673,809,28,585
16.29,21.37,11.79,7.5533,8.87,212.83,5.52,11.49,54.6,75.29,3.96,19.02,10.51,661,840,320,673,809,10,616
16.09,21.21,11.5,7.3533,8.97,216.5,5.53,11.21,53.85,74.87,4.12,18.81,10.15,661,840,320,673,809,10,567
15.8,21.04,11.12,5.7933,8.9,218,5.5,10.86,52.78,74.61,4.28,18.54,9.72,661,840,320,673,809,28,715
15.59,20.93,10.83,5.79,8.87,217.33,5.47,10.58,51.85,74.34,4.36,18.31,9.41,661,840,320,673,809,41,858
15.45,20.78,10.62,6.2033,8.89,217.67,5.46,10.45,51.92,74.34,4.31,18.1,9.14,661,840,320,673,809,66,719
15.27,20.49,10.52,6.2217,8.92,222.83,5.47,10.4,52.87,74.92,4.15,17.79,9.03,661,840,320,673,809,144,697
15.18,20.35,10.41,6.2217,8.89,218.67,5.47,10.35,53.4,75.06,4.03,17.6,8.9,661,840,320,673,809,255,629
14.98,20.12,10.25,6.2217,9.06,215.33,5.53,10.1,53.35,74.81,3.98,17.36,8.73,661,840,320,673,809,190,822
14.7,19.78,10.03,6.2217,9.19,218.67,5.62,9.75,52.95,74.36,3.95,17.05,8.49,661,840,320,673,809,325,829
14.41,19.45,9.77,6.2217,9.29,217.17,5.65,9.38,52.77,73.99,4.06,16.74,8.19,661,840,320,673,809,350,863
14.07,19.14,9.42,6.2167,9.32,220.5,5.66,9.01,52.35,73.76,4.17,16.41,7.77,661,840,320,673,809,559,667
13.43,18.52,8.7,6.075,9.4,222.17,5.66,8.37,51.9,73.74,4.14,15.72,6.98,661,840,320,673,809,334,790
13.2,18.29,8.43,6.045,9.48,225.5,5.67,8.04,51.23,73.23,4.27,15.46,6.64,661,840,320,673,809,524,683
12.97,18.14,8.12,5.1333,9.52,229.67,5.69,7.66,50.2,72.59,4.41,15.21,6.27,661,840,320,673,809,562,666
12.7,17.98,7.8,5.1067,9.53,233.33,5.69,7.39,49.7,72.57,4.4,14.92,5.9,704,875,345,875,666,553,710
12.44,17.74,7.49,5.1033,9.58,235.83,5.71,7.06,48.98,72.17,4.49,14.62,5.54,704,875,345,875,666,464,820
12.11,17.44,7.11,5.0967,9.6,236.5,5.72,6.64,48.25,71.76,4.63,14.29,5.1,704,875,345,875,666,580,713
11.49,16.93,6.43,3.5467,9.11,239.17,5.44,6.04,47.77,71.79,4.61,13.68,4.36,704,875,345,875,666,668,685
11.3,16.77,6.23,3.5467,9.12,238.33,5.41,5.88,48.05,71.9,4.51,13.45,4.17,704,875,345,875,666,438,656
11.03,16.53,5.94,3.4433,9.17,242.5,5.4,5.54,47.6,71.51,4.64,13.21,3.83,704,875,345,875,666,490,666
10.77,16.4,5.59,1.9067,9.16,246.67,5.4,5.28,47.4,71.52,4.7,12.94,3.49,704,875,345,875,666,347,738
10.6,16.3,5.39,1.9067,8.96,245.5,5.33,5.21,47.47,71.93,4.64,12.74,3.28,704,875,345,875,666,596,679
10.49,16.16,5.3,1.9067,9.08,245.5,5.35,5.05,47.38,71.67,4.71,12.57,3.16,704,875,345,875,666,460,674
10.04,15.72,4.81,1.9067,9.09,245,5.34,4.43,46.8,70.81,4.88,12.08,2.59,704,875,345,875,666,420,731
9.92,15.65,4.61,1.9517,9.11,240.83,5.35,4.29,46.62,70.72,4.92,11.89,2.34,704,875,345,875,666,501,667
9.78,15.39,4.52,1.9517,9.18,245.33,5.38,4.18,47.12,70.78,4.79,11.69,2.22,704,875,345,875,666,309,720
9.55,15.08,4.42,1.9517,9.29,248.33,5.41,3.91,47.25,70.5,4.71,11.45,2.11,704,875,345,875,666,342,722
9.28,14.8,4.18,1.7017,9.4,247.83,5.44,3.57,46.75,70.09,4.76,11.2,1.88,704,875,345,875,666,255,751
8.97,14.48,3.87,1.7017,9.46,248.33,5.44,3.2,46.3,69.75,4.81,10.89,1.55,704,875,345,875,666,222,766
8.54,14.1,3.31,1.71,9.43,243.5,5.42,2.77,46.18,69.68,4.8,10.42,0.93,704,875,345,875,666,395,771
8.44,13.96,3.22,1.9083,9.38,244.17,5.39,2.7,46.57,69.84,4.79,10.27,0.78,704,875,345,875,666,363,787
8.29,13.86,2.99,1.9083,9.31,248.67,5.34,2.57,46.47,69.96,4.92,10.14,0.51,704,875,345,875,666,382,787
8.24,13.81,2.9,2.1617,9.43,250.17,5.41,2.53,46.72,69.97,4.9,10.02,0.37,704,875,345,875,666,326,785
8.08,13.76,2.73,2.2083,9.52,252.67,5.47,2.4,46.7,70.08,4.88,9.88,0.19,704,875,345,875,666,338,701
7.86,13.52,2.53,2.225,9.58,255.67,5.51,2.19,46.8,70.1,4.86,9.66,-0.02,704,875,345,875,666,197,643
7.46,13.14,2.12,2.1967,9.44,253,5.45,1.74,46.12,69.78,4.96,9.29,-0.46,704,875,345,875,666,247,824
7.31,12.93,2.06,2.555,9.44,256,5.42,1.65,46.63,70.09,4.94,9.16,-0.49,704,875,345,875,666,344,783
7.1,12.72,1.81,2.4133,9.53,255.17,5.4,1.38,46.35,69.74,4.96,8.96,-0.79,704,875,345,875,666,296,723
6.91,12.55,1.63,2.4133,9.5,254.83,5.4,1.21,46.15,69.78,5.04,8.78,-0.97,704,875,345,875,666,203,793
6.77,12.33,1.52,2.4133,9.53,249.83,5.39,1.17,46.87,70.02,4.96,8.62,-1.1,704,875,345,875,666,225,836
18.4,24.39,13.17,3.33,8.01,227,4.9,13.31,48.18,75.2,5.81,21.2,11.19,317,417,229,417,229,10,313
16.45,22.99,10.61,1.925,8.3,238.83,4.91,11.12,45.88,73.9,6.26,19.11,8.33,317,417,229,417,229,19,596
15.96,22.51,10.08,1.925,8.32,238.17,4.9,10.59,45.73,73.64,6.2,18.67,7.72,317,417,229,417,229,58,491
15.73,22.29,9.86,1.925,8.3,242.33,4.89,10.41,45.85,73.8,6.07,18.43,7.48,317,417,229,417,229,29,392
15.53,22.14,9.57,1.925,8.27,245.33,4.84,10.22,45.48,73.85,6.18,18.26,7.17,317,417,229,417,229,77,385
15.25,21.93,9.25,1.925,8.33,249.17,4.85,9.94,45.12,73.83,6.21,17.99,6.82,317,417,229,417,229,96,487
14.95,21.65,8.92,1.925,8.26,249.5,4.82,9.63,44.77,73.74,6.22,17.68,6.45,317,417,229,417,229,172,503
14.73,21.44,8.63,1.95,8.24,246.83,4.81,9.38,44.7,73.58,6.07,17.41,6.16,317,417,229,417,229,173,479
14.14,20.86,8.12,1.9517,8.41,248.67,4.89,8.64,44.1,72.73,6.24,16.85,5.65,317,417,229,417,229,210,457
13.9,20.59,7.91,1.9533,8.49,251.67,4.92,8.38,43.98,72.57,6.21,16.57,5.42,317,417,229,417,229,229,434
13.61,20.31,7.59,1.9533,8.47,253.83,4.91,8.09,44.02,72.53,6.19,16.21,5.1,317,417,229,417,229,277,503
13.39,20.08,7.34,1.9533,8.54,255,4.92,7.83,43.95,72.26,6.12,15.92,4.87,317,417,229,417,229,286,574
13.13,19.76,7.03,1.9567,8.71,256.5,4.99,7.48,43.63,71.8,6.11,15.58,4.51,317,417,229,417,229,416,642
12.85,19.46,6.75,1.9567,8.83,259.5,5.05,7.13,43.3,71.43,6.08,15.25,4.19,317,417,229,417,229,497,504
12.3,19.09,6.05,1.925,8.77,258,5,6.55,42.65,71.28,6.12,14.62,3.45,317,417,229,417,229,545,431
12,18.85,5.73,1.925,8.67,258.83,4.96,6.28,42.95,71.34,6.13,14.3,3.1,317,417,229,417,229,328,357
11.85,18.72,5.5,1.925,8.63,258.5,4.96,6.22,43.33,71.65,6,14.07,2.83,317,417,229,417,229,354,447
11.69,18.46,5.44,1.925,8.7,261.83,4.97,6.07,43.67,71.54,5.86,13.86,2.81,317,417,229,417,229,403,483
11.42,18.21,5.2,0.49,8.75,264,4.96,5.65,42.92,70.85,5.98,13.65,2.58,471,642,313,313,483,434,428
11.06,17.91,4.76,0.4267,8.71,265.5,4.9,5.15,42,70.2,6.11,13.33,2.09,471,642,313,313,483,354,461
10.5,17.5,4.04,0.4267,8.57,262.83,4.82,4.63,41.78,70.25,6.1,12.82,1.31,471,642,313,313,483,400,456
10.26,17.27,3.78,0.3567,8.69,266.17,4.82,4.36,41.55,70.14,6.16,12.6,0.98,471,642,313,313,483,336,410
9.97,17.02,3.45,0.1633,8.7,271,4.82,4.03,40.95,69.86,6.27,12.34,0.59,471,642,313,313,483,221,423
9.67,16.74,3.16,0.1633,8.69,268.83,4.81,3.73,40.75,69.8,6.2,12.03,0.28,471,642,313,313,483,251,478
9.41,16.47,2.88,0.1633,8.79,272.5,4.85,3.42,40.4,69.54,6.2,11.77,-0.03,471,642,313,313,483,471,448
9.08,16.05,2.62,0.185,8.91,268,4.88,3.06,40.37,69.33,6.09,11.43,-0.31,471,642,313,313,483,280,452
8.56,15.54,2.04,0.2133,9.04,266.83,4.9,2.48,39.73,68.95,6.07,10.86,-1.02,471,642,313,313,483,512,433
8.34,15.29,1.86,0.1417,8.9,260.83,4.81,2.32,38.73,67.63,6.07,10.61,-1.17,471,642,313,313,483,252,451
8.04,14.96,1.59,0.1417,8.9,259.67,4.8,2.12,39.17,67.87,6.03,10.38,-1.44,471,642,313,313,483,145,446
7.75,14.65,1.3,0.1417,8.93,259.67,4.77,1.84,39.35,67.83,6.13,10.11,-1.75,471,642,313,313,483,215,396
7.43,14.41,0.94,0.135,8.95,264.17,4.77,1.47,38.82,67.57,6.22,9.81,-2.18,471,642,313,313,483,155,479
7.14,14.15,0.57,0.135,8.95,267.83,4.78,1.11,38.17,67.27,6.28,9.51,-2.61,471,642,313,313,483,172,566
6.53,13.53,-0.04,0.1517,9.01,275.5,4.82,0.58,38.42,67.46,6.38,8.95,-3.28,471,642,313,313,483,436,499
6.31,13.3,-0.31,0.1517,8.99,274.67,4.8,0.37,38.43,67.45,6.38,8.68,-3.6,471,642,313,313,483,272,460
6.09,12.99,-0.48,0.1517,9.07,273.83,4.81,0.1,38.42,67.16,6.32,8.46,-3.82,471,642,313,313,483,354,410
5.86,12.71,-0.69,0.2033,9.12,273.83,4.8,-0.15,38.42,66.94,6.31,8.21,-4.08,471,642,313,313,483,250,420
5.59,12.42,-0.89,0.2033,9.08,278.83,4.76,-0.33,38.72,67.3,6.24,7.99,-4.34,471,642,313,313,483,214,429
5.39,12.25,-1.09,0.2033,9.09,278.5,4.75,-0.5,38.95,67.41,6.24,7.76,-4.58,471,642,313,313,483,296,426
5.2,12.02,-1.25,0.48,9.13,276,4.81,-0.66,39.13,67.43,6.09,7.46,-4.79,471,642,313,313,483,247,441
5.04,11.74,-1.38,0.48,9.23,276.33,4.86,-0.9,39.25,67.02,6.03,7.25,-4.96,471,642,313,313,483,253,434
4.86,11.48,-1.5,0.48,9.4,278.5,4.95,-1.13,39.32,66.66,6.04,7.01,-5.09,471,642,313,313,483,272,445
4.61,11.14,-1.68,0.48,9.46,278.5,4.95,-1.46,39.07,66.22,6.11,6.76,-5.34,471,642,313,313,483,318,422
4.37,10.92,-1.93,0.48,9.31,282.67,4.93,-1.69,38.97,66.17,5.99,6.52,-5.61,471,642,313,313,483,171,456
4.23,10.83,-2.13,0.48,9.25,281.5,4.91,-1.71,39.4,66.7,5.86,6.33,-5.81,471,642,313,313,483,165,446
3.71,10.08,-2.58,0.4933,9.27,279.83,4.95,-2.24,39.62,66.48,5.78,5.67,-6.42,447,566,396,428,446,30,500
3.57,9.92,-2.62,0.4933,9.24,281,4.95,-2.36,39.67,66.47,5.78,5.49,-6.47,447,566,396,428,446,40,434
3.46,9.7,-2.61,0.4933,9.29,276.5,4.97,-2.49,39.93,66.27,5.65,5.36,-6.43,447,566,396,428,446,19,483
3.34,9.47,-2.63,0.4933,9.41,276.5,5,-2.65,40.03,66,5.54,5.21,-6.43,447,566,396,428,446,30,420
2.95,9.06,-2.99,0.5233,9.42,279.5,5.01,-3.11,39.8,65.52,5.56,4.79,-6.82,447,566,396,428,446,39,421
2.84,8.84,-3.01,0.595,9.51,278.33,5.07,-3.14,40.27,65.83,5.4,4.65,-6.8,447,566,396,428,446,20,459
2.62,8.54,-3.11,0.595,9.51,279.5,5.1,-3.38,40.25,65.74,5.38,4.43,-6.86,447,566,396,428,446,40,445
2.44,8.34,-3.2,0.715,9.55,278.33,5.2,-3.45,40.38,66.19,5.3,4.24,-6.88,447,566,396,428,446,28,258
2.27,8.05,-3.26,0.8083,9.64,278.67,5.2,-3.58,40.83,66.31,5.2,4.07,-6.81,447,566,396,428,446,20,325
1.71,7.44,-3.81,0.8133,9.48,270.17,5.11,-3.95,42.03,67.07,5.07,3.55,-6.81,447,566,396,428,446,20,485
1.66,7.33,-3.81,1.1683,9.49,273.5,5.12,-3.92,42.7,67.47,5.06,3.48,-6.83,447,566,396,428,446,30,370
1.67,7.33,-3.84,1.205,9.39,272.33,5.07,-3.8,43.08,68.04,5,3.47,-6.89,447,566,396,428,446,49,409
1.66,7.35,-3.87,1.205,9.4,272.33,5.08,-3.69,43.45,68.56,4.97,3.42,-7,447,566,396,428,446,10,460
1.63,7.3,-3.89,1.2033,9.38,267.83,5.08,-3.77,43.22,68.39,5,3.33,-7.06,447,566,396,428,446,30,418
1.34,7.04,-4.07,1.2,9.3,265.83,5.06,-3.93,43.42,68.88,5.02,3.06,-7.31,447,566,396,428,446,10,526
1.13,6.76,-4.2,1.2,9.42,264.33,5.09,-4.19,43.22,68.54,5.1,2.94,-7.43,447,566,396,428,446,20,350
0.2,5.58,-4.87,1.2083,9.71,260.5,5.15,-5.12,43.3,68.13,5.19,2.15,-8,447,566,396,428,446,9,598
0.12,5.49,-4.92,1.2083,9.68,260.5,5.13,-5.13,43.42,68.45,5.16,2.06,-8.03,447,566,396,428,446,10,562
0.08,5.4,-4.94,1.2083,9.7,256,5.13,-5.17,43.38,68.46,5.08,1.97,-8.04,440,598,258,500,562,19,659
-0.01,5.25,-5,1.2083,9.81,257.17,5.17,-5.33,43.15,68.18,5.14,1.88,-8.12,440,598,258,500,562,10,754
-0.1,5.18,-5.1,1.2083,9.71,256.83,5.17,-5.47,42.82,67.89,5.17,1.77,-8.22,440,598,258,500,562,20,723
-0.27,4.9,-5.23,1.2,9.99,253,5.19,-5.67,43.22,67.68,5.12,1.63,-8.35,440,598,258,500,562,29,847
-0.44,4.66,-5.35,1.2117,9.96,251.83,5.18,-5.79,43.75,67.82,5.1,1.51,-8.42,440,598,258,500,562,20,720
-0.57,4.55,-5.53,1.1933,9.93,251.83,5.16,-5.89,43.87,67.97,5.17,1.45,-8.58,440,598,258,500,562,39,810
-0.69,4.41,-5.65,1.1933,9.91,247.67,5.16,-6.01,43.97,67.92,5.3,1.38,-8.66,440,598,258,500,562,40,745
-0.79,4.33,-5.8,1.13,9.75,245.17,5.1,-6.18,43.57,67.62,5.37,1.3,-8.8,440,598,258,500,562,50,666
-0.76,4.45,-5.87,1.13,9.84,249,5.17,-6.23,44.33,68.82,5.41,1.33,-8.97,440,598,258,500,562,30,519
-0.67,4.55,-5.76,1.1533,9.97,247.83,5.25,-6.14,44.13,68.87,5.31,1.37,-8.86,440,598,258,500,562,80,527
-0.64,4.47,-5.67,1.1533,10.08,246.67,5.33,-6.1,44.47,68.93,5.29,1.37,-8.79,440,598,258,500,562,30,315
-0.62,4.48,-5.59,1.1533,10.15,246.33,5.39,-6.08,44.72,68.85,5.39,1.4,-8.73,440,598,258,500,562,19,368
-0.49,4.78,-5.59,1.085,10.09,246.5,5.43,-6.25,42.95,67.69,5.44,1.47,-8.77,440,598,258,500,562,50,416
-0.42,4.83,-5.56,1.085,10.09,245.67,5.44,-6.27,42.5,67.26,5.35,1.5,-8.76,440,598,258,500,562,30,479
-0.4,4.83,-5.57,1.085,10.11,246.83,5.47,-6.3,42.23,67.04,5.29,1.53,-8.76,440,598,258,500,562,20,425
-0.46,4.68,-5.55,1.085,10.19,247.17,5.51,-6.54,41.68,66.24,5.2,1.52,-8.76,440,598,258,500,562,45,565
-0.59,4.46,-5.61,0.8083,9.95,243.33,5.35,-6.6,40.78,64.97,5.17,1.39,-8.77,440,598,258,500,562,30,603
-0.57,4.6,-5.68,0.8083,9.91,242.67,5.34,-6.53,40.8,65.24,5.21,1.42,-8.83,440,598,258,500,562,40,470
-0.48,4.86,-5.7,0.8083,9.8,243.17,5.33,-6.37,40.62,65.69,5.2,1.6,-8.9,440,598,258,500,562,57,453
-0.42,5.02,-5.75,0.8083,9.77,241.33,5.32,-6.37,40.18,65.57,5.38,1.7,-8.96,440,598,258,500,562,30,534
-0.3,5.18,-5.66,1.1583,9.98,237.67,5.49,-6.35,39.55,65.1,5.52,1.84,-8.87,580,847,315,659,534,49,506
-0.29,5.17,-5.62,1.1517,10.08,237.67,5.53,-6.37,39.28,64.96,5.51,1.86,-8.79,580,847,315,659,534,31,353
-0.26,5.23,-5.58,1.1517,10.03,238.5,5.53,-6.38,39.02,64.78,5.53,1.91,-8.76,580,847,315,659,534,20,562
0.06,5.55,-5.42,1.4267,10.06,230.83,5.6,-5.94,39.78,65.51,5.31,2.17,-8.6,580,847,315,659,534,40,708
0.19,5.76,-5.29,1.48,10.04,235.33,5.61,-5.69,40.4,66.13,5.27,2.29,-8.48,580,847,315,659,534,20,511
0.28,5.92,-5.25,1.48,9.95,235,5.59,-5.57,40.18,66.39,5.36,2.39,-8.47,580,847,315,659,534,39,585
0.35,5.97,-5.15,1.705,9.96,231.67,5.65,-5.45,40.38,66.65,5.22,2.44,-8.33,580,847,315,659,534,40,455
0.51,6.31,-5.09,1.8233,9.76,231.83,5.46,-5.29,40.03,66.69,5.55,2.72,-8.48,580,847,315,659,534,29,672
0.7,6.64,-5.03,1.73,9.69,231.5,5.48,-5.14,39.42,66.62,5.66,2.88,-8.56,580,847,315,659,534,30,500
1.02,7.04,-4.78,1.725,9.73,230,5.51,-4.89,38.85,66.38,5.78,3.08,-8.61,580,847,315,659,534,51,473
1.33,7.34,-4.53,1.725,9.74,232.67,5.54,-4.62,38.72,66.21,5.82,3.33,-8.57,580,847,315,659,534,10,286
1.53,7.5,-4.28,2.6467,9.83,235,5.59,-4.38,39.2,66.51,5.75,3.51,-8.39,580,847,315,659,534,10,598
1.67,7.6,-4.12,2.5167,9.83,230.33,5.6,-4.32,38.82,66.07,5.72,3.68,-8.28,580,847,315,659,534,10,516
16.32,22.5,10.38,5.6,8.48,210.67,5.17,11.93,49.57,78.09,6.57,18.08,7.24,290,372,250,372,250,10,506
15.41,21.99,9.16,4.7433,8.29,211.83,5.05,10.93,48.08,77.76,6.86,17.25,5.82,290,372,250,372,250,10,340
15.26,21.74,9.09,5.1833,8.37,213,5.06,10.89,49.13,78.26,6.6,17.02,5.76,290,372,250,372,250,10,551
15.11,21.55,8.94,5.1883,8.39,217.17,5.03,10.75,49.27,78.24,6.53,16.87,5.54,290,372,250,372,250,9,505
14.72,21.22,8.5,5.235,8.3,224.67,4.94,10.47,49.3,78.81,6.44,16.48,5.06,290,372,250,372,250,10,276
14.52,21.05,8.23,5.0533,8.29,223.5,4.92,10.21,48.67,78.49,6.57,16.29,4.73,290,372,250,372,250,14,296
14.24,20.85,7.88,5.0283,8.26,227.67,4.89,9.88,48.13,78.27,6.67,16.05,4.31,290,372,250,372,250,15,406
13.96,20.64,7.53,5.0283,8.27,229.17,4.9,9.57,47.77,78.11,6.77,15.77,3.91,290,372,250,372,250,37,552
13.73,20.48,7.19,5.0283,8.29,225.67,4.89,9.32,47.48,77.99,6.8,15.5,3.52,290,372,250,372,250,38,503
13.54,20.21,7.02,5.1983,8.31,226.33,4.91,9.14,47.58,78.06,6.76,15.29,3.34,290,372,250,372,250,28,474
13.08,19.71,6.49,4.9733,8.38,225.33,4.95,8.59,47.5,77.55,6.73,14.78,2.73,290,372,250,372,250,191,428
12.82,19.53,6.18,4.4533,8.39,228.33,4.94,8.28,46.9,77.28,6.87,14.53,2.33,290,372,250,372,250,124,416
12.56,19.4,5.84,4.2667,8.34,224.17,4.9,7.95,45.9,76.97,7.02,14.29,1.92,290,372,250,372,250,182,487
12.35,19.18,5.62,4.2667,8.39,224.17,4.93,7.68,45.72,76.71,6.89,14.03,1.69,290,372,250,372,250,210,549
12.11,18.9,5.43,4.2667,8.46,224.5,5,7.38,45.35,76.41,6.97,13.8,1.47,290,372,250,372,250,374,515
11.87,18.69,5.17,4.2667,8.44,225.67,4.99,7.15,45.17,76.4,7.04,13.57,1.19,290,372,250,372,250,326,382
11.54,18.37,4.88,4.3117,8.42,232.33,4.96,6.89,45.55,76.66,6.92,13.19,0.82,290,372,250,372,250,407,400
11.36,18.22,4.69,4.3117,8.43,233.5,4.96,6.74,45.78,76.84,6.9,13,0.6,290,372,250,372,250,337,333
11.18,18.06,4.54,4.3117,8.44,237.17,4.95,6.59,45.63,76.95,6.89,12.82,0.43,290,372,250,372,250,365,348
10.97,17.89,4.27,4.3117,8.42,241.67,4.94,6.36,45.23,76.89,6.97,12.61,0.09,290,372,250,372,250,359,391
10.74,17.73,3.98,4.3117,8.26,245.5,4.9,6.15,44.9,76.99,6.94,12.37,-0.26,290,372,250,372,250,359,531
10.53,17.59,3.72,4.3117,8.08,245.5,4.82,6,45,77.25,6.95,12.17,-0.51,438,552,276,506,531,514,401
10.34,17.35,3.57,4.3267,8.05,236.83,4.84,5.79,45.23,77.09,6.79,11.82,-0.67,438,552,276,506,531,501,398
10.3,17.28,3.65,4.3867,7.96,236.17,4.79,5.81,45.6,77.41,6.69,11.73,-0.57,438,552,276,506,531,273,361
10.15,17.15,3.5,3.07,7.98,239.83,4.77,5.6,44.97,77.09,6.7,11.6,-0.75,438,552,276,506,531,215,323
9.89,16.93,3.22,1.1983,7.82,234.83,4.62,5.26,44.25,76.62,6.83,11.37,-1.08,438,552,276,506,531,365,310
9.66,16.64,3.03,1.3133,7.82,236,4.61,5.07,44.53,76.74,6.66,11.15,-1.23,438,552,276,506,531,299,355
9.37,16.37,2.75,1.315,7.88,236,4.58,4.81,44.83,76.8,6.54,10.91,-1.54,438,552,276,506,531,191,297
8.76,15.77,2.19,1.3133,7.79,241.67,4.48,4.14,44.2,76.42,6.65,10.36,-2.2,438,552,276,506,531,136,364
8.55,15.57,1.97,1.3133,7.66,241.33,4.45,3.91,43.93,76.22,6.55,10.14,-2.45,438,552,276,506,531,117,429
8.38,15.31,1.86,1.355,7.67,246.33,4.48,3.81,44.35,76.55,6.37,9.95,-2.53,438,552,276,506,531,275,401
8.24,15.07,1.78,1.355,7.77,242.17,4.51,3.65,44.65,76.35,6.28,9.75,-2.61,438,552,276,506,531,473,329
8.08,14.85,1.69,1.355,7.87,242.5,4.57,3.44,44.57,76.06,6.2,9.54,-2.67,438,552,276,506,531,381,283
7.87,14.57,1.56,1.355,7.96,242,4.57,3.19,44.75,75.73,6.19,9.32,-2.77,438,552,276,506,531,166,225
7.43,14.14,1.15,1.3683,7.86,241,4.51,2.76,44.83,75.71,6.17,8.87,-3.25,438,552,276,506,531,272,301
7.3,13.98,1.01,1.3683,7.87,241.83,4.53,2.64,44.9,75.7,6.1,8.69,-3.39,438,552,276,506,531,405,260
7.16,13.83,0.89,1.3683,7.89,246.83,4.54,2.49,44.9,75.6,6.06,8.48,-3.52,438,552,276,506,531,386,221
7.07,13.71,0.79,1.3683,7.86,247.83,4.51,2.44,45.38,75.73,5.97,8.32,-3.62,438,552,276,506,531,269,228
7.02,13.56,0.79,1.3683,7.86,250.83,4.5,2.46,46.22,76,5.8,8.19,-3.61,438,552,276,506,531,318,226
6.93,13.53,0.72,1.3683,7.91,252,4.54,2.38,46.2,76.04,5.84,8.06,-3.67,438,552,276,506,531,124,265
6.72,13.25,0.57,1.4317,7.93,246.67,4.54,2.15,46.05,75.93,5.75,7.76,-3.75,438,552,276,506,531,323,279
6.52,12.99,0.46,1.4317,8,248.83,4.56,1.95,46.22,75.83,5.75,7.56,-3.88,438,552,276,506,531,292,248
6.3,12.79,0.16,1.3417,7.94,249.67,4.54,1.68,45.92,75.53,5.79,7.35,-4.23,438,552,276,506,531,340,232
6.13,12.62,-0,1.3417,7.89,250,4.5,1.53,45.63,75.63,5.69,7.18,-4.35,438,552,276,506,531,289,244
5.86,12.31,-0.15,1.3417,7.93,252.17,4.49,1.25,45.33,75.46,5.67,6.94,-4.43,438,552,276,506,531,195,239
5.58,11.96,-0.33,1.3433,7.9,248.33,4.45,0.98,45.23,75.45,5.58,6.73,-4.58,438,552,276,506,531,58,294
5.19,11.47,-0.6,1.3433,7.89,249.5,4.42,0.59,45.18,75.28,5.6,6.36,-4.78,438,552,276,506,531,107,416
4.75,10.76,-0.83,1.3433,8.07,249.67,4.47,0.11,45.92,74.74,5.41,5.89,-5.03,305,429,221,401,416,39,340
4.59,10.54,-0.95,1.3433,8.13,250.33,4.49,-0.07,45.87,74.55,5.4,5.72,-5.16,305,429,221,401,416,80,221
4.4,10.24,-1.1,1.3433,8.15,249.5,4.51,-0.26,46.03,74.45,5.27,5.52,-5.36,305,429,221,401,416,20,253
4.05,9.78,-1.35,1.32,8.38,254,4.58,-0.76,45.32,73.58,5.36,5.17,-5.62,305,429,221,401,416,29,220
3.81,9.58,-1.64,0.9033,8.25,255.17,4.53,-1.07,44.8,73.18,5.49,4.96,-5.97,305,429,221,401,416,10,212
3.63,9.41,-1.76,0.8983,8.34,255.17,4.58,-1.28,44.77,72.96,5.5,4.79,-6.05,305,429,221,401,416,23,402
3.33,8.98,-1.96,0.8517,8.57,256.33,4.67,-1.79,43.93,71.86,5.41,4.5,-6.24,305,429,221,401,416,10,136
3.08,8.65,-2.15,0.8567,8.63,255,4.68,-2.03,44.12,71.8,5.32,4.2,-6.39,305,429,221,401,416,10,107
2.91,8.47,-2.25,0.8567,8.64,258.83,4.69,-2.18,44.1,71.84,5.34,4.08,-6.51,305,429,221,401,416,20,197
2.6,8.2,-2.54,0.69,8.82,262.33,4.75,-2.52,44.02,71.6,5.43,3.83,-6.79,305,429,221,401,416,13,135
2.52,8.13,-2.59,0.69,8.9,261.83,4.78,-2.6,44.25,71.51,5.55,3.78,-6.86,305,429,221,401,416,20,236
2.4,8.02,-2.73,0.69,8.9,262.33,4.79,-2.71,44.18,71.5,5.55,3.69,-7.02,305,429,221,401,416,3,215
2.25,7.78,-2.86,0.7,9.02,264.5,4.77,-2.81,44.88,71.65,5.57,3.54,-7.15,305,429,221,401,416,28,206
2.19,7.73,-2.87,0.7,9.02,263.33,4.74,-2.85,45.07,71.67,5.56,3.48,-7.2,305,429,221,401,416,20,281
2.16,7.71,-2.92,0.7,9.09,267.5,4.77,-2.88,45,71.68,5.56,3.43,-7.25,305,429,221,401,416,20,319
2.04,7.59,-3.07,0.655,9.14,268.33,4.8,-3.04,44.57,71.54,5.65,3.33,-7.45,305,429,221,401,416,16,175
1.96,7.49,-3.15,0.655,9.18,268.33,4.82,-3.23,44.08,70.97,5.71,3.23,-7.57,305,429,221,401,416,40,290
1.84,7.31,-3.24,0.655,9.32,270.5,4.85,-3.4,44,70.63,5.64,3.13,-7.69,305,429,221,401,416,6,100
1.58,6.96,-3.46,0.655,9.48,270.5,4.9,-3.7,44.38,70.27,5.7,2.92,-7.97,305,429,221,401,416,30,256
1.54,6.85,-3.43,0.655,9.6,271.17,4.95,-3.76,44.53,70.14,5.66,2.89,-7.91,305,429,221,401,416,31,327
1.44,6.75,-3.52,0.655,9.66,272.33,4.98,-3.92,44.17,69.79,5.69,2.83,-8.03,305,429,221,401,416,21,314
1.37,6.65,-3.6,0.655,9.65,276.5,4.96,-4.02,44.13,69.63,5.64,2.79,-8.07,305,429,221,401,416,8,400
1.16,6.42,-3.74,0.8267,9.71,279.83,4.95,-4.2,44.07,69.79,5.56,2.63,-8.2,243,402,100,340,400,20,261
0.89,6.14,-4.04,0.7433,9.85,283.5,5,-4.53,43.58,69.35,5.68,2.45,-8.58,243,402,100,340,400,30,368
1.1,6.61,-4.18,0.465,9.88,277.33,5.15,-4.23,43.92,70.02,5.72,2.46,-8.82,243,402,100,340,400,31,327
1.09,6.58,-4.15,0.465,9.99,272.33,5.21,-4.25,43.95,69.94,5.79,2.47,-8.72,243,402,100,340,400,31,311
1,6.52,-4.22,0.4233,10.04,267.33,5.18,-4.52,43.2,69.05,5.88,2.42,-8.81,243,402,100,340,400,51,317
0.95,6.46,-4.26,0.4233,10.08,266.5,5.18,-4.57,43.2,69.03,5.93,2.42,-8.88,243,402,100,340,400,32,318
0.93,6.51,-4.38,0.4233,9.96,262,5.16,-4.59,42.85,69.09,5.91,2.4,-9.04,243,402,100,340,400,32,308
0.98,6.5,-4.29,0.4233,10.08,263.5,5.23,-4.61,42.95,68.77,5.91,2.44,-8.92,243,402,100,340,400,32,296
0.97,6.52,-4.35,0.41,10.15,265,5.26,-4.76,42.2,68.14,5.96,2.45,-8.99,243,402,100,340,400,10,147
0.92,6.44,-4.41,0.41,10.14,264.5,5.24,-4.81,42.33,68.15,5.86,2.46,-9.08,243,402,100,340,400,11,327
0.81,6.18,-4.36,0.41,10.4,265,5.32,-5.01,42.15,67.52,5.9,2.47,-9.01,243,402,100,340,400,31,321
0.71,6.08,-4.46,0.41,10.43,266.5,5.35,-5.23,41.32,66.96,5.9,2.4,-9.12,243,402,100,340,400,41,312
0.65,5.9,-4.49,0.8433,10.47,266,5.36,-5.26,41.72,67.06,5.84,2.37,-9.15,243,402,100,340,400,32,288
0.59,5.79,-4.53,0.8333,10.57,264.83,5.38,-5.35,41.68,66.87,5.88,2.33,-9.25,243,402,100,340,400,21,239
0.54,5.78,-4.59,0.78,10.53,269.83,5.4,-5.38,41.7,66.94,5.88,2.29,-9.31,243,402,100,340,400,32,269
0.57,5.84,-4.54,0.78,10.49,270.33,5.39,-5.32,41.78,67.14,5.74,2.32,-9.23,243,402,100,340,400,29,226
0.69,6.14,-4.52,0.78,10.55,265.67,5.42,-5.17,41.52,67.37,6,2.44,-9.27,243,402,100,340,400,32,267
0.81,6.32,-4.47,0.78,10.49,264.5,5.44,-5,41.83,67.64,6.02,2.53,-9.31,243,402,100,340,400,31,268
0.96,6.55,-4.37,0.7783,10.44,264.5,5.44,-4.91,41.58,67.42,6.12,2.62,-9.25,243,402,100,340,400,30,251
1.13,6.74,-4.21,0.8,10.4,261.5,5.45,-4.72,41.68,67.58,5.98,2.74,-9.06,243,402,100,340,400,52,284
1.28,6.95,-4.12,0.8,10.42,260.33,5.48,-4.56,41.55,67.74,5.97,2.86,-9.01,285,368,147,261,284,21,282
1.41,7.11,-3.97,0.8,10.45,260,5.5,-4.43,41.38,67.82,5.96,3,-8.84,285,368,147,261,284,21,259
1.68,7.45,-3.78,0.8,10.34,257.17,5.49,-4.18,40.92,67.89,5.86,3.24,-8.58,285,368,147,261,284,33,292
1.82,7.57,-3.61,0.8,10.37,256.5,5.51,-4.03,41.1,67.97,5.83,3.39,-8.39,285,368,147,261,284,19,255
1.96,7.73,-3.49,0.8,10.32,256.5,5.49,-3.87,41.27,68.07,5.83,3.52,-8.25,285,368,147,261,284,31,262
2.07,7.88,-3.37,0.8783,10.32,251.5,5.5,-3.72,41.55,68.34,5.83,3.61,-8.12,285,368,147,261,284,31,285
2.15,7.96,-3.29,0.8783,10.3,251.17,5.54,-3.59,41.62,68.57,5.86,3.73,-8.05,285,368,147,261,284,21,257
2.2,8.1,-3.31,0.8783,10.27,249,5.55,-3.54,41.15,68.67,5.91,3.82,-8.12,285,368,147,261,284,20,282
2.45,8.38,-3.23,1.26,10.16,241.17,5.58,-3.13,41.83,69.56,5.86,4.02,-8.16,285,368,147,261,284,41,253
2.5,8.47,-3.23,1.3267,10.15,241.17,5.57,-3,42.38,69.99,5.89,4.07,-8.16,285,368,147,261,284,20,164
2.54,8.53,-3.19,1.32,10.24,245.67,5.61,-2.93,42.63,70.16,5.88,4.15,-8.12,285,368,147,261,284,21,253
2.56,8.56,-3.2,1.285,10.31,246.17,5.68,-2.99,42.28,69.76,5.93,4.16,-8.15,285,368,147,261,284,20,235
2.6,8.64,-3.17,1.285,10.24,245.5,5.66,-2.98,41.9,69.68,5.95,4.24,-8.14,285,368,147,261,284,20,238
2.71,8.75,-3.07,1.285,10.36,244.67,5.71,-2.91,41.85,69.52,5.93,4.35,-8.04,285,368,147,261,284,20,173
2.92,9.02,-2.95,1.2817,10.24,244.5,5.7,-2.73,41.2,69.51,6.02,4.58,-7.96,285,368,147,261,284,19,174
3,9.17,-2.94,1.2817,10.15,243.83,5.66,-2.66,40.92,69.53,5.97,4.66,-7.96,285,368,147,261,284,32,266
3.14,9.32,-2.84,1.2817,10.17,243.83,5.67,-2.52,41.07,69.56,5.99,4.78,-7.86,285,368,147,261,284,20,174
3.31,9.44,-2.67,1.5517,10.38,243.17,5.79,-2.36,41.28,69.53,5.93,4.94,-7.64,285,368,147,261,284,10,290
3.4,9.6,-2.6,1.5517,10.35,243.17,5.82,-2.21,41.68,69.83,5.81,5.02,-7.54,285,368,147,261,284,30,220
3.43,9.62,-2.55,1.5517,10.42,243.17,5.85,-2.18,41.7,69.83,5.82,5.08,-7.44,285,368,147,261,284,10,117
3.5,9.65,-2.4,1.5517,10.51,241.33,5.86,-2.16,41.98,69.5,5.86,5.19,-7.29,285,368,147,261,284,30,234
3.56,9.72,-2.37,1.5517,10.49,240.67,5.86,-2.02,42.15,69.96,5.77,5.27,-7.19,285,368,147,261,284,30,278
3.73,9.95,-2.27,1.5517,10.37,240.67,5.85,-1.84,41.63,70.08,5.89,5.45,-7.05,285,368,147,261,284,41,259
3.92,10.18,-2.17,1.5517,10.36,238.83,5.9,-1.59,41.75,70.41,5.89,5.63,-6.91,285,368,147,261,284,42,306
4.12,10.4,-1.96,1.5517,10.34,239.17,5.9,-1.41,41.67,70.37,5.85,5.84,-6.65,285,368,147,261,284,44,283
4.23,10.56,-1.91,1.5517,10.26,239.67,5.86,-1.33,41.43,70.32,5.91,5.98,-6.61,285,368,147,261,284,10,120
4.41,10.65,-1.59,1.5617,10.55,237.33,6.04,-1.18,41.75,70.2,6.03,6.19,-6.29,239,306,117,282,120,41,269
4.53,10.78,-1.54,1.375,10.53,237.83,6.05,-1.16,41.27,69.75,6.16,6.36,-6.27,239,306,117,282,120,43,277
4.65,10.93,-1.44,1.375,10.5,238.33,6.06,-1.15,40.87,69.4,6.2,6.51,-6.12,239,306,117,282,120,20,158
4.68,11,-1.42,1.375,10.56,241.33,6.09,-1.24,40.33,68.98,6.32,6.62,-6.09,239,306,117,282,120,42,195
4.64,11.04,-1.58,1.2717,10.44,241.67,6.05,-1.4,39.42,68.49,6.51,6.68,-6.33,239,306,117,282,120,31,180
4.74,11.19,-1.55,1.2717,10.39,241.67,6.05,-1.24,39.68,68.74,6.5,6.82,-6.29,239,306,117,282,120,10,114
4.97,11.36,-1.35,1.5067,10.45,244.33,6.09,-0.99,39.78,69.02,6.49,7.06,-6.01,239,306,117,282,120,52,233
5.13,11.59,-1.25,1.5067,10.35,248.83,6.09,-0.86,39.52,68.97,6.63,7.23,-5.95,239,306,117,282,120,29,184
5.33,11.78,-1.08,1.7367,10.47,250,6.2,-0.59,39.85,69.34,6.58,7.36,-5.82,239,306,117,282,120,46,210
5.48,11.9,-0.91,1.76,10.45,251.5,6.26,-0.35,40.47,69.86,6.48,7.47,-5.65,239,306,117,282,120,27,191
5.65,12.07,-0.78,1.76,10.38,257.17,6.23,-0.07,40.88,70.43,6.44,7.63,-5.53,239,306,117,282,120,34,185
5.8,12.3,-0.71,1.76,10.33,257.17,6.23,0.1,40.55,70.64,6.52,7.79,-5.41,239,306,117,282,120,10,113
6.1,12.6,-0.36,1.7667,10.33,259.5,6.21,0.49,41.07,71.15,6.35,8.1,-4.98,239,306,117,282,120,40,185
6.25,12.79,-0.26,1.7667,10.35,259.17,6.23,0.66,41.05,71.31,6.49,8.26,-4.86,239,306,117,282,120,30,160
6.44,13.1,-0.14,1.7667,10.31,256.67,6.24,0.77,40.5,71.1,6.63,8.43,-4.72,239,306,117,282,120,41,190
6.66,13.37,-0.01,1.8133,10.25,254,6.25,1,40.38,71.28,6.71,8.62,-4.62,239,306,117,282,120,10,110
6.87,13.63,0.09,1.8133,10.19,252.83,6.24,1.26,40.43,71.63,6.73,8.84,-4.48,239,306,117,282,120,19,144
7.47,14.39,0.66,1.38,10.06,249.5,6.26,1.83,40.38,71.54,6.95,9.49,-3.81,239,306,117,282,120,40,231
7.71,14.65,0.81,1.38,10.07,246.5,6.26,2.05,40.48,71.53,7,9.75,-3.65,239,306,117,282,120,20,180
7.92,14.77,1.08,1.48,10.13,242.67,6.3,2.28,40.65,71.65,6.99,9.94,-3.38,239,306,117,282,120,30,186
8.1,14.84,1.35,1.48,10.11,243,6.27,2.55,41.77,72.07,6.83,10.13,-3.04,239,306,117,282,120,32,259
8.23,14.9,1.56,1.49,10.12,240,6.28,2.75,42.62,72.42,6.68,10.27,-2.72,239,306,117,282,120,30,228
8.31,14.9,1.72,1.51,10.11,240.5,6.24,2.86,43.07,72.57,6.51,10.36,-2.46,239,306,117,282,120,10,128
8.49,15.04,1.84,1.4883,10.14,243.17,6.27,3.05,43.2,72.6,6.48,10.59,-2.38,239,306,117,282,120,40,203
8.59,15.04,2.01,1.8333,10.08,239.83,6.26,3.21,43.67,72.9,6.36,10.67,-2.14,239,306,117,282,120,20,180
8.73,15.16,2.16,1.835,10.01,239.83,6.24,3.43,44.35,73.26,6.28,10.82,-1.94,188,277,110,269,180,28,163
8.81,15.24,2.32,1.835,10.04,243.67,6.25,3.56,44.55,73.5,6.42,10.96,-1.77,188,277,110,269,180,30,238
8.87,15.37,2.29,1.835,10.09,243.17,6.26,3.59,44.33,73.47,6.62,11.08,-1.85,188,277,110,269,180,58,316
8.99,15.62,2.31,1.835,10.03,242.67,6.25,3.67,43.95,73.39,6.69,11.22,-1.82,188,277,110,269,180,31,252
9.29,16.05,2.44,1.7567,10.03,246.5,6.26,3.8,43.17,72.81,6.99,11.58,-1.72,188,277,110,269,180,20,233
9.41,16.2,2.49,1.7567,10.06,246.5,6.27,3.85,42.9,72.56,7.04,11.72,-1.66,188,277,110,269,180,40,189
9.53,16.32,2.57,1.7567,10.15,248.67,6.3,3.88,42.82,72.29,7.08,11.89,-1.51,188,277,110,269,180,11,345
9.64,16.43,2.67,1.7133,10.11,251.67,6.26,3.85,42.38,71.82,7.14,12.04,-1.34,188,277,110,269,180,43,170
9.73,16.65,2.74,1.375,10.06,255.83,6.24,3.78,41.5,71.2,7.28,12.22,-1.27,188,277,110,269,180,10,187
9.91,16.9,2.87,1.3083,9.97,254.33,6.24,3.8,40.7,70.59,7.39,12.47,-1.14,188,277,110,269,180,10,232
10.31,17.39,3.09,1.3083,9.83,251.33,6.16,4.04,40.05,70.14,7.53,12.97,-0.88,188,277,110,269,180,63,211
10.55,17.58,3.37,1.3083,9.87,249.5,6.19,4.27,40.38,70.04,7.5,13.23,-0.6,188,277,110,269,180,42,222
10.77,17.81,3.62,1.3083,9.72,248.83,6.13,4.5,40.53,70.16,7.54,13.5,-0.32,188,277,110,269,180,35,162
11.02,18.07,3.83,1.3083,9.69,246.33,6.11,4.73,40.68,70.16,7.59,13.79,-0.07,188,277,110,269,180,22,222
11.26,18.32,4.07,1.3083,9.64,243.83,6.09,4.99,40.98,70.25,7.58,14.06,0.2,188,277,110,269,180,36,210
11.78,18.6,4.94,2.085,9.71,235,6.18,5.63,42.38,70.78,7.43,14.6,1.25,188,277,110,269,180,62,216
11.91,18.68,5.02,2.1283,9.69,234.67,6.17,5.7,41.88,70.55,7.55,14.76,1.28,188,277,110,269,180,33,241
12.3,19.21,5.2,2.1283,9.36,232.33,6.06,6.11,41.62,70.91,7.7,15.25,1.46,188,277,110,269,180,42,214
12.57,19.47,5.48,2.1283,9.32,233.33,6.05,6.4,41.72,71.07,7.72,15.52,1.77,188,277,110,269,180,36,195
12.83,19.74,5.74,2.1283,9.3,233,6.04,6.62,41.8,70.96,7.85,15.8,2.04,188,277,110,269,180,10,192
13.17,20.02,6.25,2.14,9.27,230,6.02,6.95,41.98,70.91,7.72,16.16,2.57,188,277,110,269,180,39,238
13.59,20.38,6.65,2.605,9.38,226.67,6.03,7.48,42.7,71.47,7.68,16.56,2.96,188,277,110,269,180,11,301
13.82,20.69,6.78,2.605,9.23,226.33,5.93,7.74,42.53,71.77,7.62,16.75,3.12,188,277,110,269,180,15,273
14.38,21.26,7.44,2.6683,8.97,223,5.81,8.58,43.58,72.97,7.42,17.24,3.88,227,345,162,163,273,11,287
14.6,21.47,7.7,2.6683,8.94,223,5.78,8.82,43.78,73.02,7.45,17.46,4.17,227,345,162,163,273,10,339
18.79,24.49,13.82,7.9917,8.29,217.67,5.11,15.22,56.85,81.93,5.83,21.01,11.83,754,874,656,804,800,10,673
18.65,24.45,13.59,7.865,8.28,220.67,5.09,15.05,56.37,81.82,5.95,20.9,11.55,754,874,656,804,800,8,749
18.32,24.31,13.07,7.4433,8.25,223.67,5.06,14.64,55.12,81.42,6.18,20.68,10.9,754,874,656,804,800,10,653
17.88,24,12.51,7.2267,7.94,223.67,4.83,14.17,54.35,81.29,6.34,20.32,10.2,754,874,656,804,800,10,672
17.67,23.88,12.19,6.3733,7.64,226.67,4.63,13.92,53.73,81.09,6.46,20.15,9.82,754,874,656,804,800,2,800
16.74,23.1,11.01,5.745,7.95,233.67,4.73,12.67,51.92,79.49,6.67,19.25,8.29,754,874,656,804,800,29,865
16.58,22.96,10.8,5.745,8.04,236.67,4.78,12.47,51.53,79.29,6.78,19.05,8.04,754,874,656,804,800,58,792
16.39,22.81,10.56,5.745,8.07,239.33,4.79,12.29,51.4,79.3,6.72,18.81,7.72,754,874,656,804,800,48,780
16.19,22.6,10.33,5.75,8.16,235.33,4.82,12.07,51.4,79.21,6.58,18.59,7.41,754,874,656,804,800,58,882
15.89,22.29,9.97,5.75,8.27,236,4.87,11.71,51.1,78.86,6.65,18.33,6.98,754,874,656,804,800,89,887
15.61,22.1,9.57,5.75,8.29,234.83,4.89,11.42,50.95,78.78,6.7,18.04,6.5,754,874,656,804,800,97,987
15.39,21.87,9.22,5.75,8.34,234,4.89,11.24,51.62,78.92,6.53,17.68,6.09,754,874,656,804,800,176,949
15.25,21.77,9.15,5.87,8.51,235,4.97,11.09,51.68,78.78,6.38,17.5,6.02,754,874,656,804,800,177,886
15.03,21.48,9.01,5.87,8.55,238.67,4.97,10.84,51.7,78.55,6.31,17.24,5.84,754,874,656,804,800,311,866
14.81,21.32,8.69,4.8833,8.52,243.5,4.92,10.55,51.28,78.15,6.47,17.05,5.44,754,874,656,804,800,436,867
14.6,21.21,8.32,3.9333,8.39,243.83,4.86,10.27,50.65,77.87,6.6,16.87,5,754,874,656,804,800,496,978
14.52,21.13,8.27,3.9333,8.37,240.17,4.88,10.17,50.68,77.78,6.61,16.74,4.9,754,874,656,804,800,526,903
14.45,20.97,8.26,3.945,8.52,236.5,4.96,10.09,51.23,77.64,6.55,16.59,4.85,754,874,656,804,800,607,808
14.21,20.7,8.1,3.945,8.65,241.67,4.99,9.8,51.03,77.29,6.43,16.38,4.66,754,874,656,804,800,343,755
13.97,20.44,7.85,3.945,8.62,244.67,4.98,9.54,50.95,77.19,6.34,16.18,4.41,754,874,656,804,800,589,642
13.7,20.12,7.58,3.9417,8.75,240.17,5.02,9.21,50.72,76.82,6.27,15.93,4.13,754,874,656,804,800,475,726
13.41,19.84,7.27,3.9417,8.82,241,5.07,8.86,50.42,76.48,6.3,15.64,3.76,754,874,656,804,800,525,850
13.11,19.54,6.92,3.9417,8.91,245.17,5.1,8.45,49.63,76.01,6.37,15.33,3.35,754,874,656,804,800,577,734
12.58,19.13,6.27,0.8033,8.88,252.83,5.1,7.86,49.02,75.66,6.49,14.87,2.6,813,987,642,673,734,480,784
12.31,18.83,6.02,0.7783,8.93,253.33,5.1,7.53,48.78,75.31,6.5,14.6,2.33,813,987,642,673,734,264,716
12.02,18.52,5.7,0.775,8.99,253.83,5.12,7.2,48.43,75.02,6.47,14.32,1.94,813,987,642,673,734,390,706
11.77,18.38,5.42,0.775,9,253.83,5.12,6.94,47.97,75,6.59,14.08,1.6,813,987,642,673,734,304,769
11.48,18.08,5.16,0.775,9.09,252.33,5.15,6.63,47.52,74.87,6.6,13.8,1.28,813,987,642,673,734,383,795
11.17,17.79,4.82,0.6117,9.12,252.67,5.17,6.19,46.78,74.23,6.73,13.51,0.84,813,987,642,673,734,313,741
10.74,17.36,4.38,0.6117,9.14,252.17,5.15,5.8,47.05,74.29,6.74,13.07,0.28,813,987,642,673,734,419,758
10.54,17.18,4.19,0.6117,9.15,251.5,5.16,5.64,47.42,74.4,6.7,12.83,0.04,813,987,642,673,734,254,787
10.35,17.01,4,0.6117,9.12,249.5,5.15,5.49,47.7,74.55,6.66,12.59,-0.19,813,987,642,673,734,335,744
10.18,16.85,3.85,0.6117,9.16,249.5,5.18,5.32,47.95,74.54,6.56,12.34,-0.37,813,987,642,673,734,343,733
9.95,16.58,3.62,0.6117,9.17,252.5,5.17,5.1,48.08,74.48,6.53,12.09,-0.63,813,987,642,673,734,335,726
9.73,16.38,3.37,0.6117,9.07,250.33,5.13,4.88,47.65,74.46,6.51,11.86,-0.93,813,987,642,673,734,148,795
9.47,16.11,3.01,0.6117,9.03,244.67,5.09,4.6,47.58,74.33,6.54,11.49,-1.39,813,987,642,673,734,353,736
9.4,16.02,2.98,0.6117,9.05,245.83,5.12,4.49,47.55,74.08,6.62,11.33,-1.45,813,987,642,673,734,284,761
9.3,15.92,2.91,0.6167,9.12,249.5,5.13,4.42,47.78,74.19,6.61,11.19,-1.53,813,987,642,673,734,179,772
9.1,15.67,2.77,0.615,9.17,250,5.14,4.19,47.9,73.95,6.5,10.97,-1.65,813,987,642,673,734,243,753
8.9,15.39,2.6,0.615,9.27,249.5,5.18,3.92,47.9,73.56,6.49,10.72,-1.85,813,987,642,673,734,276,699
8.68,15.11,2.36,0.615,9.31,246,5.17,3.69,48.15,73.46,6.44,10.45,-2.09,813,987,642,673,734,151,711
8.18,14.62,1.91,0.615,9.24,249.33,5.15,3.22,48.12,73.45,6.32,9.92,-2.63,813,987,642,673,734,237,737
7.98,14.38,1.65,0.615,9.3,249.33,5.17,3.01,48.17,73.38,6.32,9.67,-2.9,813,987,642,673,734,256,739
7.77,14.2,1.44,0.615,9.26,250.83,5.18,2.77,47.93,73.17,6.33,9.45,-3.16,813,987,642,673,734,277,694
7.61,14.15,1.16,0.615,9.18,251.67,5.16,2.61,47.52,73.22,6.36,9.24,-3.48,813,987,642,673,734,77,788
7.49,13.96,1.13,0.63,9.26,251.67,5.17,2.53,47.75,73.34,6.21,9.06,-3.48,813,987,642,673,734,157,819
7.35,13.75,1.04,0.63,9.4,253.17,5.21,2.33,47.68,72.98,6.11,8.88,-3.58,813,987,642,673,734,153,823
7.03,13.42,0.67,0.8317,9.35,247.5,5.21,2.04,47.73,73.13,5.95,8.47,-3.96,813,987,642,673,734,269,873
6.94,13.27,0.66,0.8317,9.47,247.5,5.21,1.97,47.97,73.16,5.79,8.34,-3.91,813,987,642,673,734,233,771
6.22,12.42,0.07,0.835,9.68,251.83,5.25,1.17,48.08,72.48,5.78,7.53,-4.49,759,873,694,784,771,19,938
6.07,12.24,-0.06,0.835,9.76,254.83,5.3,1,48.03,72.35,5.85,7.38,-4.64,759,873,694,784,771,5,517
5.75,11.9,-0.39,0.835,9.77,253.83,5.31,0.64,48.08,72.16,5.81,6.97,-5.04,759,873,694,784,771,22,749
5.68,11.75,-0.42,1.1017,9.74,250.83,5.34,0.63,48.18,72.41,5.7,6.85,-5.02,759,873,694,784,771,56,507
5.76,11.82,-0.37,1.4167,9.88,248.17,5.45,0.82,48.85,72.94,5.54,6.86,-4.84,759,873,694,784,771,1,607
5.68,11.67,-0.34,1.4183,9.97,252.33,5.5,0.81,49.45,73.19,5.38,6.75,-4.71,759,873,694,784,771,0,450
5.56,11.48,-0.33,1.3417,9.94,254.17,5.45,0.67,49.48,73.03,5.38,6.63,-4.68,759,873,694,784,771,9,400
5.36,11.32,-0.51,1.3417,9.84,253.83,5.39,0.49,49.35,73.05,5.42,6.49,-4.86,759,873,694,784,771,0,450
5.12,10.96,-0.61,1.3367,9.87,258.67,5.4,0.18,49.32,72.64,5.43,6.24,-4.88,759,873,694,784,771,1,608
5.07,10.88,-0.61,1.3367,9.86,258,5.39,0.14,49.48,72.65,5.36,6.16,-4.83,759,873,694,784,771,1,453
4.97,10.68,-0.61,1.3367,9.89,259.5,5.35,0.03,49.42,72.51,5.26,6.08,-4.84,759,873,694,784,771,1,405
4.79,10.42,-0.74,1.3367,9.98,261,5.37,-0.18,49.33,72.32,5.23,5.9,-5.01,759,873,694,784,771,9,589
4.53,10.18,-0.9,1.3367,9.9,258.33,5.33,-0.52,48.77,71.91,5.31,5.69,-5.18,759,873,694,784,771,10,565
4.4,9.95,-1.04,1.2167,9.83,258.33,5.27,-0.72,48.2,71.6,5.42,5.57,-5.36,759,873,694,784,771,9,667
4.27,9.89,-1.18,1.2167,9.87,257.67,5.3,-0.78,48.53,71.92,5.37,5.4,-5.54,759,873,694,784,771,0,380
4.2,9.77,-1.18,1.2167,9.96,261.17,5.31,-0.82,48.78,71.96,5.38,5.33,-5.55,759,873,694,784,771,1,317
4.04,9.61,-1.36,1.2167,9.98,266,5.3,-1.04,48.23,71.69,5.39,5.19,-5.72,759,873,694,784,771,39,555
3.9,9.41,-1.46,1.4233,9.91,266,5.27,-1.14,48.32,71.89,5.24,5.05,-5.74,759,873,694,784,771,11,616
3.67,9.19,-1.69,1.88,9.74,259,5.23,-1.16,48.92,72.93,5.19,4.69,-6.1,759,873,694,784,771,10,621
3.7,9.17,-1.58,1.88,9.65,258.33,5.2,-1.04,49.73,73.4,5.05,4.69,-5.95,759,873,694,784,771,16,711
3.67,9.05,-1.5,1.5217,9.59,257.33,5.13,-1.06,49.92,73.33,5.02,4.64,-5.89,759,873,694,784,771,9,433
3.63,9.04,-1.59,1.52,9.49,256.5,5.1,-1.1,49.85,73.35,5,4.6,-6.01,549,938,317,938,433,20,685
3.59,9,-1.62,1.52,9.48,260.17,5.08,-1.08,50.3,73.6,5.07,4.56,-6.04,549,938,317,938,433,0,750
3.62,9.07,-1.62,1.52,9.42,259.83,5.06,-0.98,50.57,73.95,5.1,4.59,-6.03,549,938,317,938,433,27,488
3.57,8.95,-1.59,1.5217,9.46,255.33,5.08,-1.04,50.55,73.86,5.06,4.59,-6.01,549,938,317,938,433,40,520
3.47,8.83,-1.63,1.5217,9.46,255.33,5.1,-1.21,50.1,73.54,5.03,4.53,-6.02,549,938,317,938,433,9,489
3.26,8.49,-1.75,1.5217,9.61,257.67,5.16,-1.48,49.4,73.11,4.99,4.43,-6.16,549,938,317,938,433,10,677
3.32,8.55,-1.73,1.5383,9.64,256.17,5.19,-1.41,49.6,73.15,4.91,4.46,-6.11,549,938,317,938,433,19,557
3.42,8.62,-1.55,1.69,9.65,253.17,5.19,-1.25,50.4,73.54,4.77,4.51,-5.87,549,938,317,938,433,9,367
3.42,8.52,-1.43,1.6917,9.66,255.5,5.19,-1.17,50.85,73.94,4.66,4.54,-5.74,549,938,317,938,433,20,537
3.26,8.45,-1.68,1.8217,9.88,258.17,5.36,-1.24,50.22,74.45,4.62,4.43,-5.92,549,938,317,938,433,30,500
3.25,8.42,-1.66,1.8217,9.97,262.67,5.4,-1.3,50.07,74.2,4.69,4.43,-5.91,549,938,317,938,433,11,572
3.31,8.51,-1.67,1.8217,10.02,263,5.42,-1.27,49.78,74.03,4.85,4.49,-5.92,549,938,317,938,433,9,567
3.33,8.54,-1.66,1.8217,10.03,262.33,5.42,-1.24,49.87,74.13,4.97,4.51,-5.92,549,938,317,938,433,11,572
3.39,8.64,-1.63,1.8717,10.01,259.33,5.44,-1.17,49.88,74.18,5.01,4.56,-5.9,549,938,317,938,433,9,489
3.5,8.74,-1.58,1.8567,9.99,251.5,5.47,-1.08,49.85,74.13,5.2,4.7,-5.8,549,938,317,938,433,30,620
3.8,8.96,-1.22,1.905,10.06,250.67,5.55,-0.63,50.83,74.87,5.03,4.93,-5.33,549,938,317,938,433,11,531
4.17,9.29,-0.81,1.7283,9.84,247.83,5.58,-0.26,51.02,74.99,4.95,5.34,-4.95,558,750,367,685,531,30,592
4.22,9.34,-0.8,1.7283,9.84,245.67,5.59,-0.23,51.05,74.9,4.82,5.41,-4.87,558,750,367,685,531,20,568
4.27,9.33,-0.71,1.7283,9.92,245.67,5.64,-0.25,50.85,74.52,4.85,5.52,-4.71,558,750,367,685,531,14,567
4.27,9.29,-0.67,1.7283,10.05,246.17,5.7,-0.28,50.9,74.35,4.92,5.62,-4.66,558,750,367,685,531,9,600
4.17,9.34,-0.9,1.4617,9.94,249.17,5.65,-0.47,50.18,74.01,5.1,5.62,-4.96,558,750,367,685,531,10,700
4.16,9.41,-1.09,1.32,9.51,240.17,5.45,-0.44,49.95,74.37,5.22,5.67,-5.28,558,750,367,685,531,31,589
4.22,9.45,-0.97,1.4233,9.62,240.5,5.49,-0.33,50.27,74.59,5.07,5.73,-5.11,558,750,367,685,531,20,548
4.23,9.46,-1,1.4233,9.68,240,5.5,-0.34,49.95,74.53,5.12,5.77,-5.17,558,750,367,685,531,27,488
4.25,9.62,-1.12,1.4233,9.62,239.33,5.51,-0.33,49.38,74.64,5.29,5.84,-5.35,558,750,367,685,531,28,511
4.31,9.77,-1.09,1.4233,9.6,238.83,5.51,-0.28,49.1,74.65,5.33,5.93,-5.35,558,750,367,685,531,10,600
4.54,10.04,-0.89,1.4233,9.7,243.83,5.63,-0.2,48.33,74.11,5.57,6.22,-5.12,558,750,367,685,531,33,520
4.64,10.2,-0.91,1.4233,9.64,242.83,5.64,-0.04,48.7,74.44,5.63,6.34,-5.12,558,750,367,685,531,19,574
4.78,10.42,-0.86,1.4233,9.56,242.17,5.63,0.1,48.18,74.56,5.64,6.51,-5.03,558,750,367,685,531,9,367
4.92,10.5,-0.71,1.4233,9.69,241.67,5.71,0.17,47.68,74.26,5.78,6.71,-4.83,558,750,367,685,531,36,557
5.02,10.62,-0.67,1.4233,9.62,240.17,5.71,0.21,47.43,74.1,5.83,6.85,-4.79,558,750,367,685,531,19,547
5.32,11.08,-0.57,1.205,9.91,241,5.89,0.41,46.78,73.73,6.13,7.31,-4.71,558,750,367,685,531,5,500
5.37,11.2,-0.59,1.205,9.93,240.33,5.91,0.42,46.53,73.67,6.18,7.45,-4.71,558,750,367,685,531,37,479
5.61,11.4,-0.42,1.3467,9.94,242.5,5.93,0.64,46.47,73.63,6.33,7.73,-4.5,558,750,367,685,531,20,570
5.79,11.79,-0.47,0.9133,10.05,246.5,5.99,0.6,44.67,72.64,6.53,8.08,-4.57,558,750,367,685,531,21,495
6.03,12.11,-0.25,0.9333,10.13,246.17,6.03,0.75,44.38,72.31,6.61,8.44,-4.3,546,700,367,592,495,11,572
6.15,12.27,-0.17,0.9333,10.14,245.5,6.05,0.79,43.98,71.97,6.61,8.6,-4.21,546,700,367,592,495,38,616
6.29,12.46,-0.08,0.9333,10.09,245.83,6.05,0.84,43.55,71.66,6.72,8.8,-4.12,546,700,367,592,495,10,600
6.89,13.27,0.3,0.9317,10.23,248.5,6.12,1.31,43.03,71.4,6.92,9.59,-3.7,546,700,367,592,495,26,421
7.01,13.43,0.35,0.9317,10.22,248.5,6.12,1.35,42.63,71.18,7.02,9.78,-3.67,546,700,367,592,495,19,489
7.14,13.58,0.4,0.9317,10.26,248.83,6.13,1.38,42.17,70.84,7.06,9.96,-3.56,546,700,367,592,495,24,498
7.26,13.59,0.7,1.17,10.3,247,6.14,1.36,41.4,70.09,7.21,10.32,-3.19,546,700,367,592,495,29,572
7.28,13.61,0.65,1.17,10.31,247.33,6.13,1.29,41.22,69.77,7.29,10.42,-3.22,546,700,367,592,495,20,477
8.09,14.36,1.48,1.47,10.23,239.5,6.11,2.04,41.58,69.77,7.22,11.45,-2.22,546,700,367,592,495,20,448
8.38,14.68,1.76,1.4217,10.47,242.83,6.22,1.86,39.38,67.87,7.81,12.21,-2.09,546,700,367,592,495,18,371
11.2,17.5,4.61,3.1583,10.43,242,6.31,4.78,40.88,68.99,8.21,15.33,0.89,506,616,371,572,371,11,596
11.36,17.68,4.74,3.1617,10.34,239,6.27,4.93,40.92,69,8.15,15.51,1.04,506,616,371,572,371,21,571
11.59,17.81,5.03,3.7367,10.37,235.67,6.3,5.3,41.78,69.71,7.98,15.68,1.39,506,616,371,572,371,10,640
12.08,18.09,5.87,3.9583,10.33,233.67,6.29,6.09,44.7,71.07,7.53,16.14,2.33,506,616,371,572,371,10,536
13.13,19.01,7.31,3.79,9.89,231.67,6.03,7.42,46.98,72.23,7.7,17.49,3.73,506,616,371,572,371,10,500
13.28,19.15,7.45,3.79,9.87,229.83,6.03,7.57,47.08,72.23,7.74,17.65,3.89,506,616,371,572,371,9,500
14.16,19.71,8.58,4.06,9.62,221.5,5.97,8.78,48.93,73.8,7.23,18.38,5.16,557,640,500,596,500,9,533
14.42,19.96,8.84,4.06,9.5,220.67,5.93,9.15,49.42,74.33,7.24,18.62,5.46,557,640,500,596,500,9,360
17.13,23.17,11.75,3.5033,7.96,223,4.74,12.73,50.17,78.13,6.36,21.21,10.5,492,652,302,652,302,6,390
16.95,23.02,11.48,3.115,7.74,222.17,4.66,12.51,49.62,77.99,6.3,21.04,10.14,492,652,302,652,302,2,210
16.49,22.57,10.88,3.125,7.93,225.83,4.71,11.91,48.73,77.26,6.43,20.55,9.38,492,652,302,652,302,3,415
16.28,22.46,10.55,2.6617,7.75,222.17,4.6,11.61,47.82,76.85,6.51,20.34,8.97,492,652,302,652,302,10,792
16.17,22.37,10.39,1.3967,7.5,216.5,4.45,11.44,47.55,76.58,6.47,20.21,8.75,492,652,302,652,302,9,626
15.77,22.06,9.96,1.285,7.48,215.67,4.4,10.98,46.9,76.24,6.49,19.83,8.17,492,652,302,652,302,38,642
15.52,21.81,9.64,1.2817,7.61,211.83,4.45,10.6,46.47,75.73,6.54,19.56,7.78,492,652,302,652,302,58,664
15.29,21.68,9.3,0.9667,7.66,215.17,4.46,10.28,45.57,75.26,6.7,19.35,7.4,492,652,302,652,302,115,638
15.04,21.53,8.97,0.7767,7.61,217.83,4.42,9.98,45.07,75.01,6.82,19.11,7.01,492,652,302,652,302,137,645
14.83,21.44,8.64,0.69,7.61,220,4.42,9.7,44.38,74.74,6.96,18.89,6.61,492,652,302,652,302,155,747
14.47,20.99,8.33,0.69,7.53,215.5,4.38,9.38,43.33,73.3,6.88,18.48,6.3,492,652,302,652,302,214,615
13.73,20.12,7.71,0.625,7.34,210.83,4.23,8.71,40.98,70.36,6.79,17.65,5.67,492,652,302,652,302,328,515
13.38,19.73,7.4,0.5417,7.28,208.5,4.19,8.39,39.82,68.79,6.79,17.27,5.36,492,652,302,652,302,247,582
13.07,19.33,7.18,0.5,7.16,208.17,4.13,8.13,38.83,67.41,6.73,16.9,5.19,492,652,302,652,302,381,564
12.77,18.91,6.99,0.5,7.05,204.33,4.07,7.89,37.98,66.02,6.55,16.53,5.03,492,652,302,652,302,311,684
12.46,18.48,6.81,0.5,6.91,199.83,4.01,7.64,37.32,64.66,6.36,16.12,4.89,492,652,302,652,302,147,826
12.18,18.05,6.64,0.5,6.83,193.83,3.95,7.43,36.73,63.33,6.21,15.73,4.75,492,652,302,652,302,423,631
11.57,17.23,6.2,0.5,6.56,191.5,3.76,6.96,34.97,60.75,6.08,14.98,4.37,492,652,302,652,302,583,553
11.34,16.94,6.01,0.5,6.62,196.67,3.77,6.7,34.95,60.49,6.04,14.73,4.15,492,652,302,652,302,450,470
11.12,16.7,5.85,0.5,6.67,191.33,3.8,6.34,34.42,59.86,6.04,14.48,3.94,492,652,302,652,302,534,441
10.93,16.5,5.59,0.5,6.72,193.5,3.83,6.06,34.2,59.42,6.12,14.26,3.64,492,652,302,652,302,542,511
10.75,16.29,5.43,0.5,6.77,197.33,3.86,5.83,34.12,59.16,6.05,14.04,3.5,492,652,302,652,302,609,551
10.57,16.05,5.31,0.5,6.89,200.67,3.88,5.62,34.32,58.88,5.88,13.79,3.39,492,652,302,652,302,559,452
10.14,15.47,4.99,0.5,7.06,195.33,3.89,5.07,34.3,58.18,5.72,13.31,3.04,492,652,302,652,302,509,314
9.91,15.22,4.74,0.5,7.14,197.33,3.92,4.79,34.08,57.88,5.74,13.04,2.76,562,826,210,390,314,439,243
9.65,14.95,4.48,0.5,7.19,193.83,3.94,4.4,33.5,57.29,5.74,12.73,2.46,562,826,210,390,314,381,247
9.36,14.68,4.13,0.4967,7.24,194.17,3.98,4.02,33,56.84,5.74,12.41,2.06,562,826,210,390,314,234,455
9.1,14.44,3.82,0.495,7.22,194.17,4,3.7,32.73,56.47,5.83,12.16,1.71,562,826,210,390,314,469,448
8.88,14.23,3.56,0.495,7.15,194.17,3.98,3.54,32.87,56.66,5.81,11.85,1.43,562,826,210,390,314,392,369
8.42,13.83,3.02,0.495,7.18,192.17,3.97,3.16,33.17,56.95,5.78,11.25,0.85,562,826,210,390,314,449,322
8.23,13.61,2.83,0.495,7.16,197,3.96,3,33.42,57.04,5.61,10.97,0.64,562,826,210,390,314,295,312
8.02,13.35,2.68,0.495,7.17,196.67,3.97,2.82,33.72,57.08,5.51,10.68,0.45,562,826,210,390,314,361,229
7.77,13.11,2.43,0.495,7.2,196.67,3.96,2.55,33.37,56.9,5.49,10.36,0.17,562,826,210,390,314,40,219
7.54,12.86,2.23,0.495,7.17,201.17,3.96,2.3,33.23,56.8,5.4,10.09,-0.07,562,826,210,390,314,272,323
7.34,12.67,2.01,0.495,7.06,202,3.92,2.14,33.53,56.93,5.25,9.81,-0.33,562,826,210,390,314,215,355
6.98,12.37,1.65,0.495,7.16,202,3.96,1.84,33.4,57.16,5.25,9.36,-0.72,562,826,210,390,314,373,382
6.7,12.06,1.38,0.4983,7.22,203.17,3.97,1.66,33.97,57.49,5.19,9.03,-1,562,826,210,390,314,248,296
6.45,11.78,1.16,0.4983,7.32,199,4.01,1.38,33.9,57.27,5.35,8.79,-1.25,562,826,210,390,314,77,312
6.18,11.47,0.95,0.4983,7.38,197.83,4.04,1.13,34.08,57.26,5.32,8.5,-1.5,562,826,210,390,314,88,292
5.94,11.19,0.75,0.4983,7.41,197.83,4.02,0.91,34.33,57.27,5.34,8.21,-1.78,562,826,210,390,314,117,302
5.76,10.97,0.55,0.4983,7.5,197.33,4.04,0.71,34.48,57.14,5.28,7.97,-1.99,562,826,210,390,314,186,313
5.27,10.41,0.1,0.0483,7.64,200.83,4.07,0.09,33.87,56.35,5.32,7.46,-2.54,562,826,210,390,314,385,309
5.03,10.24,-0.24,0.0467,7.63,199.67,4.11,-0.16,33.67,56.27,5.39,7.23,-2.9,562,826,210,390,314,244,259
4.85,10.17,-0.51,0.0467,7.53,198.67,4.1,-0.26,33.63,56.61,5.38,7.01,-3.16,562,826,210,390,314,267,242
4.72,10.13,-0.7,0.0467,7.41,196,4.04,-0.33,33.9,56.92,5.29,6.81,-3.39,562,826,210,390,314,138,256
4.6,9.97,-0.73,0.0467,7.51,196.83,4.07,-0.48,33.8,56.72,5.27,6.65,-3.45,562,826,210,390,314,21,276
4.45,9.76,-0.89,0.0467,7.63,196.83,4.1,-0.68,33.87,56.4,5.24,6.49,-3.65,562,826,210,390,314,79,289
4.15,9.41,-1.19,0.1867,7.57,192.67,4.1,-1,33.85,56.29,5.22,6.14,-3.95,562,826,210,390,314,168,307
4.02,9.34,-1.29,0.1867,7.51,191.83,4.07,-0.97,34.5,57,5.17,6.01,-4.03,562,826,210,390,314,160,318
3.9,9.22,-1.34,0.26,7.66,193,4.14,-1.02,35.1,57.29,5.03,5.83,-4.06,562,826,210,390,314,344,276
2.88,8.07,-2.08,0.2317,7.77,199,4.25,-1.94,35.85,57.42,4.92,4.86,-4.54,306,455,219,243,276,22,348
2.73,7.94,-2.17,0.2317,7.76,201.17,4.24,-2.02,36.18,57.66,4.99,4.72,-4.66,306,455,219,243,276,17,184
2.49,7.68,-2.38,0.2317,7.89,201.17,4.3,-2.25,36.17,57.64,5.01,4.5,-4.84,306,455,219,243,276,10,500
2.23,7.36,-2.61,0.235,7.94,202,4.36,-2.52,36.32,57.5,4.99,4.26,-5.05,306,455,219,243,276,18,263
1.93,7.04,-2.92,0.2483,7.97,202.5,4.4,-2.77,36.67,57.69,4.89,4.05,-5.26,306,455,219,243,276,7,265
1.6,6.72,-3.22,0.255,7.86,208.17,4.35,-2.97,37.28,58.11,4.87,3.85,-5.41,306,455,219,243,276,2,250
1.14,6.15,-3.68,0.2567,7.88,210.5,4.36,-3.31,38.25,58.53,4.72,3.48,-5.66,306,455,219,243,276,10,441
0.97,5.84,-3.77,0.2567,7.94,211.33,4.4,-3.45,38.63,58.63,4.57,3.29,-5.77,306,455,219,243,276,6,468
0.97,6.11,-3.99,0.2567,8.22,219.33,4.58,-3.56,40.15,61.35,4.81,3.32,-6.11,306,455,219,243,276,3,436
1.05,6.34,-4.07,0.2567,8.31,221.17,4.64,-3.54,40.95,62.7,4.93,3.39,-6.24,306,455,219,243,276,10,500
1.19,6.61,-4.04,0.2567,8.49,227.17,4.76,-3.45,42,64.06,4.99,3.49,-6.3,306,455,219,243,276,9,333
1.18,6.83,-4.23,0.2733,9.19,242.17,5.09,-3.73,44.43,67.49,5.27,3.62,-6.6,306,455,219,243,276,19,405
1.14,6.89,-4.37,0.2733,9.37,247.83,5.18,-3.89,44.87,68.47,5.43,3.64,-6.81,306,455,219,243,276,9,244
1.2,7.1,-4.51,0.2733,9.47,249.33,5.26,-3.92,45.67,69.58,5.59,3.68,-7.03,306,455,219,243,276,10,500
1.36,7.34,-4.46,0.335,9.59,251.17,5.34,-3.83,46.67,70.92,5.64,3.77,-7.05,306,455,219,243,276,20,379
1.39,7.36,-4.43,0.3817,9.51,250,5.31,-3.68,47.37,71.56,5.6,3.76,-6.97,306,455,219,243,276,19,242
1.39,7.38,-4.37,0.6133,9.46,247.17,5.27,-3.42,48.38,72.73,5.44,3.69,-6.84,306,455,219,243,276,3,197
1.34,7.37,-4.49,0.6133,9.44,243,5.25,-3.41,48.55,73.07,5.51,3.62,-7,306,455,219,243,276,2,631
1.28,7.37,-4.65,0.7633,9.32,249.5,5.27,-3.38,48.55,73.59,5.57,3.51,-7.2,306,455,219,243,276,2,717
1.19,7.38,-4.74,0.7817,9.4,250.17,5.34,-3.43,48.47,73.79,5.57,3.41,-7.3,306,455,219,243,276,29,338
1.07,7.24,-4.8,0.785,9.44,249.67,5.34,-3.51,48.63,73.92,5.57,3.32,-7.39,306,455,219,243,276,20,328
1.07,7.28,-4.86,0.8367,9.43,250.17,5.35,-3.3,49.77,74.86,5.56,3.24,-7.46,379,717,184,348,328,4,719
1.15,7.33,-4.75,1.11,9.43,254,5.36,-3.14,50.28,75.28,5.46,3.27,-7.32,379,717,184,348,328,1,153
1.09,7.27,-4.78,1.11,9.47,259.33,5.36,-3.22,50.22,75.19,5.47,3.24,-7.35,379,717,184,348,328,2,677
1.06,7.18,-4.77,1.11,9.43,265,5.33,-3.26,50.23,75.13,5.48,3.19,-7.35,379,717,184,348,328,12,223
1.12,7.15,-4.67,1.13,9.42,265,5.33,-3.19,50.48,75.13,5.5,3.2,-7.3,379,717,184,348,328,1,300
1.52,7.7,-4.3,1.15,9.37,263.67,5.33,-2.92,49.28,74.67,5.58,3.51,-6.88,379,717,184,348,328,1,830
1.47,7.62,-4.27,1.1767,9.47,267.67,5.39,-2.85,49.98,75.16,5.47,3.48,-6.77,379,717,184,348,328,1,937
1.47,7.53,-4.22,1.1767,9.62,266.83,5.43,-2.83,50.37,75.29,5.45,3.47,-6.61,379,717,184,348,328,20,410
1.87,7.8,-3.84,1.1767,9.8,266.17,5.53,-2.47,50.38,75.1,5.7,3.74,-6.22,379,717,184,348,328,20,371
1.96,7.94,-3.83,1.1767,9.82,265.33,5.57,-2.36,50.52,75.23,5.75,3.85,-6.2,379,717,184,348,328,1,721
1.99,7.98,-3.74,1.1767,9.81,266.33,5.6,-2.41,50.12,74.89,5.7,3.9,-6.07,379,717,184,348,328,10,500
2.02,8.01,-3.67,1.21,9.82,267,5.6,-2.4,50.12,74.78,5.7,3.92,-6.02,379,717,184,348,328,19,579
2.73,8.55,-2.99,1.7383,9.93,253.17,5.73,-1.89,49.82,73.87,5.72,4.44,-5.61,535,937,153,719,579,30,603
2.8,8.68,-2.98,1.7383,9.87,249.83,5.71,-1.81,49.9,73.96,5.75,4.52,-5.61,535,937,153,719,579,10,644
3.09,8.92,-2.65,1.9467,9.91,246,5.75,-1.46,50.35,74.32,5.64,4.77,-5.25,535,937,153,719,579,10,606
3.65,9.53,-2.06,1.93,9.65,241.83,5.62,-0.92,50.3,74.4,5.74,5.25,-4.79,535,937,153,719,579,20,475
4.22,10.16,-1.46,1.9217,9.72,237.5,5.7,-0.5,49.27,73.86,5.8,5.6,-4.46,535,937,153,719,579,10,338
4.47,10.42,-1.2,2.0317,9.74,233,5.72,-0.29,48.95,73.68,5.81,5.8,-4.32,535,937,153,719,579,19,656
4.9,10.81,-0.73,2.2233,9.74,234.67,5.7,0.15,49.43,73.83,5.84,6.31,-3.78,535,937,153,719,579,17,363
5.01,10.89,-0.66,2.355,9.8,233.5,5.74,0.21,49.02,73.63,5.93,6.58,-3.66,535,937,153,719,579,10,689
5.12,11.1,-0.63,2.355,9.62,231.33,5.72,0.33,48.73,73.7,6.03,6.71,-3.67,535,937,153,719,579,28,496
5.31,11.38,-0.57,2.355,9.57,232.17,5.72,0.51,48.6,73.74,6.06,6.88,-3.58,535,937,153,719,579,5,400
5.49,11.54,-0.41,2.3383,9.47,229.17,5.67,0.69,48.67,73.81,6.11,7.09,-3.43,535,937,153,719,579,9,489
5.67,11.57,0.03,2.645,9.8,234.67,5.79,0.88,49.08,73.92,6.02,7.43,-2.86,535,937,153,719,579,10,700
5.65,11.66,-0.09,2.5983,9.87,234.67,5.82,0.78,48.15,73.51,6.21,7.49,-3.02,535,937,153,719,579,9,467
5.66,11.77,-0.18,2.3667,9.87,236.17,5.83,0.74,47.42,73.26,6.29,7.56,-3.15,535,937,153,719,579,10,480
5.72,11.86,-0.19,2.3667,9.88,238.67,5.85,0.77,47.1,73.18,6.35,7.66,-3.16,535,937,153,719,579,20,526
6.3,12.41,0.43,2.7267,9.74,236.5,5.81,1.3,46.92,73.24,6.38,8.28,-2.54,535,937,153,719,579,30,643
6.52,12.71,0.6,2.7233,9.7,237,5.84,1.46,46.37,73.07,6.4,8.49,-2.34,535,937,153,719,579,38,561
6.88,12.98,0.99,2.6717,9.81,235.17,5.91,1.53,45.37,72.02,6.32,8.87,-1.92,537,700,338,603,561,30,578
7.59,13.68,1.82,2.485,9.77,226,6.01,2.32,45.4,72.62,6.1,9.6,-0.95,537,700,338,603,561,9,467
7.76,13.88,1.99,2.485,9.9,226.83,6.08,2.47,45.32,72.6,6.24,9.84,-0.73,537,700,338,603,561,18,417
7.87,14.02,2.11,2.485,9.94,227.67,6.11,2.5,44.7,72.31,6.32,10.01,-0.59,537,700,338,603,561,10,577
7.95,14.11,2.18,2.485,9.99,226.83,6.11,2.5,44.15,72.03,6.37,10.17,-0.54,537,700,338,603,561,10,571
8.15,14.37,2.24,2.485,9.95,223.83,6.13,2.67,44,72.03,6.36,10.38,-0.45,537,700,338,603,561,9,478
8.72,14.81,2.9,2.8667,10.06,216.17,6.24,3.16,44.02,71.82,6.4,11.02,0.27,537,700,338,603,561,18,470
8.8,14.7,3.05,2.875,10.23,215.83,6.3,3.26,44.92,71.76,6.46,11.21,0.47,537,700,338,603,561,18,420
8.79,14.72,2.98,2.875,10.24,212.83,6.32,3.17,44.38,71.49,6.63,11.28,0.46,537,700,338,603,561,9,400
9.55,15.69,3.52,2.825,10.05,212,6.21,3.72,43.05,70.92,7.09,12.23,0.91,537,700,338,603,561,9,444
9.68,15.91,3.62,2.825,10.03,212.67,6.18,3.8,42.6,70.8,7.12,12.44,1.02,537,700,338,603,561,30,554
9.78,16.03,3.65,2.825,10.01,211.17,6.17,3.75,42.07,70.32,7.07,12.6,1.11,537,700,338,603,561,28,480
11.25,17.66,5.12,2.36,9.98,212.5,6.15,4.81,39.8,68.95,7.71,14.94,2.85,488,578,400,578,480,10,580
11.59,18.01,5.32,2.89,10.05,215.5,6.22,5.04,38.93,68.59,7.76,15.34,3.1,488,578,400,578,480,27,395
11.74,18.12,5.4,2.89,10.12,216.5,6.24,5.13,38.8,68.38,7.72,15.46,3.22,488,578,400,578,480,9,367
12.28,18.65,5.86,2.5883,10.14,210,6.26,5.45,37.88,67.59,7.77,16.11,3.79,488,578,400,578,480,10,520
12.5,18.87,6.06,2.5883,10.16,205.83,6.27,5.58,37.8,67.18,7.82,16.31,4.02,488,578,400,578,480,10,444
18.63,24.22,13.77,1.9633,8.43,194.33,5.06,14.51,55.95,79.17,5.8,20.75,12.75,615,666,563,666,563,10,690
18.06,23.83,12.96,1.9133,8.6,204.5,5.11,13.86,54.68,78.72,6.04,20.14,11.79,615,666,563,666,563,29,810
17.88,23.79,12.69,1.8883,8.47,205.17,5.06,13.68,54.22,78.76,6.19,20,11.49,615,666,563,666,563,10,960
17.71,23.69,12.38,1.8883,8.34,204.5,4.99,13.5,53.92,78.77,6.26,19.83,11.15,615,666,563,666,563,99,982
17.47,23.5,11.97,1.8817,8.39,201.17,5.01,13.14,53.17,78.16,6.43,19.52,10.61,615,666,563,666,563,168,786
17.29,23.35,11.85,2.4383,8.52,203,5.08,12.93,53.1,78,6.35,19.29,10.45,615,666,563,666,563,99,712
17.07,23.13,11.63,2.3483,8.65,206.33,5.13,12.64,52.63,77.61,6.35,19.03,10.18,615,666,563,666,563,138,943
16.83,22.84,11.46,2.395,8.79,205.17,5.2,12.37,52.52,77.35,6.23,18.76,9.93,615,666,563,666,563,10,800
16.6,22.55,11.26,2.4983,8.92,209.67,5.24,12.13,52.52,77.28,6.19,18.49,9.69,615,666,563,666,563,6,977
16.32,22.32,10.97,2.5517,8.88,213.17,5.21,11.87,52.28,77.35,6.26,18.25,9.35,615,666,563,666,563,31,991
15.83,21.98,10.31,2.495,8.68,218.5,5.1,11.43,51.72,77.63,6.46,17.76,8.62,615,666,563,666,563,531,808
15.61,21.88,10.01,2.33,8.59,219.17,5.04,11.22,51.25,77.7,6.61,17.56,8.28,615,666,563,666,563,436,643
15.35,21.67,9.7,2.33,8.54,218.33,4.99,10.96,50.85,77.68,6.68,17.3,7.9,615,666,563,666,563,596,659
15.11,21.48,9.39,2.33,8.58,221,5,10.68,50.37,77.54,6.79,17.05,7.55,615,666,563,666,563,567,776
14.88,21.3,9.15,2.33,8.56,222.5,4.99,10.48,50.17,77.62,6.76,16.8,7.25,615,666,563,666,563,596,738
14.63,21.15,8.87,2.33,8.49,225.17,4.93,10.25,50.08,77.77,6.71,16.55,6.93,615,666,563,666,563,543,804
14.19,20.81,8.41,1.9533,8.35,224.5,4.88,9.86,49.98,77.98,6.62,16.1,6.39,615,666,563,666,563,476,703
13.96,20.57,8.2,1.9783,8.51,229,4.96,9.63,49.88,77.96,6.51,15.85,6.15,615,666,563,666,563,437,740
13.75,20.27,8.04,2.0633,8.65,231.5,5.03,9.39,49.77,77.76,6.43,15.6,5.97,615,666,563,666,563,189,939
13.5,20.03,7.81,2.0633,8.68,234.83,5.04,9.14,49.68,77.67,6.38,15.33,5.67,615,666,563,666,563,544,814
13.26,19.87,7.51,2.0633,8.71,238.5,5.06,8.89,49.33,77.67,6.48,15.08,5.32,615,666,563,666,563,551,781
12.96,19.63,7.18,2.0633,8.74,240.67,5.05,8.59,48.87,77.68,6.51,14.77,4.92,615,666,563,666,563,568,769
12.35,19.23,6.42,1.4517,8.64,243.33,5.05,7.9,47.53,77.31,6.82,14.21,4,615,666,563,666,563,466,801
12.12,19.06,6.08,1.3283,8.56,239.67,5.01,7.65,47.22,77.2,6.82,13.93,3.59,615,666,563,666,563,455,715
11.93,18.85,5.89,1.7283,8.67,238.17,5.09,7.44,47.15,77.05,6.68,13.67,3.34,806,991,643,690,715,363,686
11.66,18.49,5.66,1.7283,8.87,237.83,5.15,7.09,47,76.6,6.64,13.37,3.07,806,991,643,690,715,247,824
11.34,18.17,5.42,1.73,8.83,241.33,5.12,6.75,46.85,76.42,6.48,13.06,2.74,806,991,643,690,715,505,752
11.04,17.86,5.17,1.73,8.83,243.17,5.12,6.43,46.73,76.25,6.39,12.74,2.42,806,991,643,690,715,530,682
10.45,17.26,4.56,1.73,8.87,246.67,5.11,5.78,46.37,75.86,6.36,12.11,1.69,806,991,643,690,715,397,671
10.16,17.01,4.25,1.73,8.89,248.67,5.12,5.49,46.32,75.83,6.43,11.82,1.35,806,991,643,690,715,317,675
9.89,16.76,3.9,1.7283,8.96,252.33,5.16,5.19,46.07,75.67,6.48,11.51,0.96,806,991,643,690,715,297,709
9.55,16.51,3.52,1.7283,8.92,254.5,5.12,4.86,45.85,75.73,6.51,11.17,0.56,806,991,643,690,715,436,673
9.28,16.28,3.13,1.525,8.86,250.33,5.07,4.56,45.62,75.54,6.51,10.86,0.14,806,991,643,690,715,433,596
9.18,16.19,2.96,1.4533,8.85,249.5,5.04,4.44,45.22,75.38,6.61,10.69,-0.12,806,991,643,690,715,311,593
8.74,15.74,2.49,1.4533,8.92,256.83,5.06,3.96,44.92,75.18,6.59,10.21,-0.66,806,991,643,690,715,197,730
8.41,15.38,2.19,1.4533,9.03,260.5,5.09,3.57,44.72,74.77,6.66,9.91,-1.02,806,991,643,690,715,279,667
8.1,15.12,1.82,1.4,8.97,258.67,5.05,3.26,44.57,74.78,6.65,9.62,-1.44,806,991,643,690,715,254,630
7.95,15.07,1.6,1.3333,8.78,262.5,4.98,3.16,44.63,75.06,6.75,9.44,-1.68,806,991,643,690,715,253,625
7.94,15.03,1.57,1.3633,8.6,261.83,4.87,3.3,45.5,75.73,6.59,9.34,-1.68,806,991,643,690,715,238,649
7.81,14.87,1.54,1.38,8.89,261.83,4.99,3.22,45.93,75.79,6.47,9.17,-1.69,806,991,643,690,715,119,698
7.48,14.49,1.19,1.3767,8.91,261.5,5.01,2.89,45.9,75.65,6.54,8.8,-2.04,806,991,643,690,715,266,667
7.36,14.43,1.02,1.3767,8.92,259.33,5.01,2.8,45.98,75.81,6.52,8.61,-2.23,806,991,643,690,715,289,649
7.26,14.38,0.92,1.375,8.72,259.33,4.97,2.76,46.08,76.1,6.5,8.46,-2.32,806,991,643,690,715,275,608
7.12,14.25,0.84,1.375,8.71,259.33,4.96,2.65,46.02,76.2,6.45,8.3,-2.45,806,991,643,690,715,148,612
6.97,14.15,0.69,1.375,8.72,259.33,4.97,2.47,45.68,76.11,6.5,8.12,-2.62,806,991,643,690,715,176,666
6.8,13.99,0.51,1.375,8.75,259.33,4.97,2.31,45.72,76.07,6.37,7.92,-2.8,806,991,643,690,715,136,711
6.24,13.29,0.14,1.4317,8.84,256.33,4.95,1.83,46.58,76.2,6.17,7.47,-3.01,806,991,643,690,715,49,886
5.95,12.95,-0.14,1.4317,8.79,255.17,4.93,1.64,47.08,76.55,6.09,7.25,-3.18,806,991,643,690,715,272,675
5.75,12.71,-0.3,1.4317,8.73,259.33,4.88,1.48,47.23,76.72,5.97,7.04,-3.37,806,991,643,690,715,183,705
5.62,12.6,-0.45,1.4083,8.85,260.83,4.93,1.31,47.08,76.53,6.02,6.88,-3.54,806,991,643,690,715,248,753
5.47,12.34,-0.5,1.4083,9.03,260.83,5.01,1.1,47.03,76.11,5.97,6.69,-3.64,806,991,643,690,715,214,654
4.83,11.68,-1.01,1.4083,9.07,257,4.99,0.38,46.4,75.55,5.89,6.06,-4.25,683,886,593,686,654,3,393
4.6,11.43,-1.26,1.4083,9.12,257,5.02,0.16,46.48,75.51,5.9,5.83,-4.51,683,886,593,686,654,0,750
4.4,11.22,-1.42,1.4083,9.2,256.17,5.05,-0.05,46.3,75.41,5.96,5.65,-4.68,683,886,593,686,654,1,500
4.16,10.94,-1.57,1.44,9.11,261,4.99,-0.28,46.3,75.4,5.81,5.43,-4.78,683,886,593,686,654,3,334
3.93,10.68,-1.69,1.44,9.07,265.17,4.97,-0.54,45.98,75.24,5.82,5.23,-4.94,683,886,593,686,654,2,451
3.7,10.44,-1.97,0.8817,8.95,265.5,4.92,-0.78,45.6,75.19,5.96,5.05,-5.27,683,886,593,686,654,0,800
3.4,10.3,-2.44,0.8217,8.79,265.83,4.83,-1.03,45.67,75.5,6.15,4.78,-5.77,683,886,593,686,654,5,522
3.25,10.19,-2.66,0.7183,8.7,265,4.81,-1.17,45.47,75.49,6.21,4.66,-6.01,683,886,593,686,654,20,540
3.12,10.04,-2.78,0.6767,8.75,264.5,4.78,-1.32,45.43,75.39,6.2,4.53,-6.12,683,886,593,686,654,10,580
2.95,9.81,-2.88,0.6767,8.81,266,4.8,-1.5,45.65,75.22,6.2,4.39,-6.2,683,886,593,686,654,8,550
2.4,9.03,-3.3,0.705,9.05,269.33,4.84,-2.13,45.8,74.58,6.04,3.9,-6.59,683,886,593,686,654,3,416
2.29,8.82,-3.4,0.7067,9.14,270,4.88,-2.29,46.03,74.28,5.95,3.76,-6.71,683,886,593,686,654,3,649
2.12,8.58,-3.52,0.7067,9.19,265.83,4.91,-2.56,45.37,73.72,5.99,3.62,-6.89,683,886,593,686,654,2,631
1.94,8.42,-3.78,0.7067,9.26,265,4.92,-2.82,44.93,73.32,6.02,3.44,-7.17,683,886,593,686,654,20,513
1.72,8.16,-3.97,0.7033,9.36,267.17,4.97,-3.12,44.48,72.84,6.16,3.28,-7.41,683,886,593,686,654,10,537
1.59,8.08,-4.21,0.6783,9.14,266,4.87,-3.26,44.5,72.84,6.21,3.14,-7.66,683,886,593,686,654,0,350
1.48,7.7,-4.21,0.5933,9,263.33,4.81,-3.43,45.45,72.21,5.87,2.94,-7.72,683,886,593,686,654,20,549
0.86,6.92,-4.67,0.1967,9.28,265,4.88,-4.33,44.57,70.63,6.16,2.55,-8.21,533,800,334,393,549,20,567
0.77,6.76,-4.77,0.1967,9.4,264.5,4.9,-4.49,44.28,70.24,6.14,2.48,-8.33,533,800,334,393,549,20,541
0.32,6.03,-4.95,0.2133,9.69,267.83,4.99,-5.16,43.73,69.05,6.01,2.16,-8.55,533,800,334,393,549,9,411
0.23,5.98,-5.11,0.2133,9.67,268.33,4.98,-5.32,43.23,68.71,6.08,2.09,-8.74,533,800,334,393,549,20,493
0.17,6.04,-5.29,0.2133,9.62,269.17,4.98,-5.42,42.43,68.65,6.2,2.02,-8.96,533,800,334,393,549,13,650
0.23,6.09,-5.2,0.2133,9.69,272,5.03,-5.52,41.58,67.96,6.22,2.05,-8.88,533,800,334,393,549,8,200
0.17,6.11,-5.29,0.1833,9.79,271.5,5.09,-5.66,40.67,67.63,6.33,2.03,-9.01,533,800,334,393,549,10,520
0.15,6.02,-5.3,0.1667,9.63,271.5,5.03,-5.71,40.62,67.46,6.37,2.03,-9.05,533,800,334,393,549,18,435
0.14,5.98,-5.25,0.1883,9.71,271.5,5.07,-5.71,40.63,67.5,6.34,2.04,-9.02,533,800,334,393,549,20,398
-0.15,5.45,-5.4,0.2033,9.99,268.83,5.15,-6.11,40.97,66.71,6.31,1.97,-9.13,533,800,334,393,549,18,339
-0.17,5.35,-5.45,0.2033,10.12,269.17,5.21,-6.14,41.12,66.58,6.32,1.96,-9.18,533,800,334,393,549,9,433
-0.18,5.28,-5.39,0.1683,10.14,272.5,5.25,-6.3,40.63,65.86,6.56,2,-9.25,533,800,334,393,549,19,416
-0.1,5.41,-5.39,0.1483,10.18,271.33,5.27,-6.27,40.32,65.63,6.6,2,-9.36,533,800,334,393,549,17,259
0.06,5.84,-5.57,0.1483,10.13,267.33,5.31,-6.28,38.72,65.06,6.89,2.18,-9.76,436,650,200,567,259,8,400
0.18,6,-5.48,0.2433,10.09,271.83,5.31,-6.11,39.18,65.35,6.82,2.28,-9.68,436,650,200,567,259,9,467
0.26,6.03,-5.44,0.2433,10.18,272.17,5.34,-6,39.47,65.48,6.85,2.35,-9.65,436,650,200,567,259,10,740
0.33,6.12,-5.41,0.2433,10.13,270,5.34,-5.92,39.72,65.58,6.94,2.43,-9.62,436,650,200,567,259,18,372
0.5,6.29,-5.25,0.2433,10.18,269,5.39,-5.75,39.57,65.58,6.89,2.57,-9.47,436,650,200,567,259,19,542
0.62,6.49,-5.13,0.2117,10.39,271.17,5.44,-5.75,39.02,65.13,7.08,2.86,-9.44,436,650,200,567,259,20,420
0.71,6.62,-5.09,0.2117,10.4,272.33,5.44,-5.69,38.93,65.04,7.1,2.97,-9.39,436,650,200,567,259,8,275
0.93,6.96,-5,0.2117,10.35,272,5.46,-5.57,38.05,64.69,7.15,3.24,-9.29,436,650,200,567,259,22,384
1.93,7.99,-4.05,0.4733,10.34,268.5,5.59,-4.53,38.85,65.14,6.91,4.05,-8.34,436,650,200,567,259,9,267
2.09,8.23,-3.93,0.4733,10.35,267.33,5.6,-4.34,38.98,65.32,6.92,4.19,-8.21,436,650,200,567,259,19,600
2.24,8.43,-3.85,0.4733,10.33,267.67,5.6,-4.22,38.65,65.22,6.97,4.35,-8.14,436,650,200,567,259,28,440
2.4,8.58,-3.67,0.6767,10.36,262.83,5.69,-4.05,38.77,65.33,6.91,4.49,-7.94,436,650,200,567,259,9,478
2.88,8.94,-2.97,1.025,10.41,264.5,5.74,-3.37,40.12,66.37,6.49,4.95,-7.08,436,650,200,567,259,22,395
3.01,9.01,-2.76,1.025,10.51,265.17,5.81,-3.3,39.98,66.15,6.52,5.1,-6.89,436,650,200,567,259,9,478
2.98,9.01,-2.8,1.0317,10.5,267.67,5.79,-3.3,39.68,66.33,6.58,5.17,-6.94,436,650,200,567,259,9,404
3.17,9.19,-2.69,1.525,10.68,268,5.88,-3.11,39.65,66.42,6.7,5.38,-6.88,436,650,200,567,259,9,467
3.46,9.64,-2.48,1.96,10.83,268.33,5.99,-2.86,39.58,66.4,6.72,5.7,-6.64,436,650,200,567,259,48,589
3.61,9.86,-2.44,1.96,10.76,266.17,5.98,-2.73,39.27,66.43,6.77,5.85,-6.63,436,650,200,567,259,18,506
3.84,10.15,-2.33,1.96,10.71,266.67,5.96,-2.41,39.7,66.93,6.7,6.03,-6.56,436,650,200,567,259,19,663
3.98,10.28,-2.18,1.96,10.69,267.17,5.97,-2.17,40.42,67.42,6.56,6.17,-6.35,468,740,267,400,663,20,673
4.44,10.97,-1.91,1.9583,10.45,266.33,5.95,-1.69,39.65,67.88,6.73,6.78,-6.07,468,740,267,400,663,25,590
4.76,11.47,-1.76,1.94,10.24,265.33,5.9,-1.42,39.02,67.87,6.87,7.15,-5.93,468,740,267,400,663,16,431
4.93,11.7,-1.59,1.9383,10.16,265.33,5.87,-1.27,38.77,67.92,6.93,7.37,-5.8,468,740,267,400,663,12,381
5.12,12.03,-1.54,1.9383,10.14,263.5,5.88,-1.07,38.6,68.11,7.11,7.61,-5.71,468,740,267,400,663,18,494
5.83,12.81,-0.9,1.9383,10.07,258,5.92,-0.24,39.05,68.85,7.22,8.35,-5.03,468,740,267,400,663,16,550
6.11,13.05,-0.53,1.9383,10.06,256.5,5.91,0.13,39.65,69.26,7.19,8.64,-4.66,468,740,267,400,663,9,500
6.62,13.4,0.14,1.9533,10.19,249,5.98,0.78,41.25,69.86,7.08,9.28,-3.89,468,740,267,400,663,9,489
7.33,14.41,0.58,1.9267,10.1,249.33,5.96,1.28,39.88,69.44,7.21,10.04,-3.47,468,740,267,400,663,19,601
7.72,14.93,0.88,1.925,10.04,251.17,5.93,1.52,39.08,69.18,7.42,10.61,-3.3,468,740,267,400,663,20,603
7.96,15.24,1.07,1.9233,9.88,247.17,5.9,1.76,38.92,69.26,7.37,10.84,-3.11,468,740,267,400,663,17,459
8.22,15.49,1.33,1.9233,9.86,245.67,5.9,2.06,39.15,69.46,7.39,11.21,-2.88,468,740,267,400,663,21,495
9.2,16.56,2.26,2.0017,9.74,244.33,5.94,3.23,39.85,70.65,7.23,12.29,-1.85,468,740,267,400,663,17,465
9.68,16.87,2.94,2.0017,9.77,245.17,5.97,3.73,40.83,70.86,7.08,12.76,-1.08,468,740,267,400,663,10,864
9.86,17.05,3.13,2.0017,9.74,242.17,5.97,3.98,41.05,71.21,7.03,12.96,-0.84,468,740,267,400,663,12,847
10.25,17.33,3.74,2.2083,9.74,243,6,4.41,41.22,71.4,7.02,13.48,-0.04,563,864,381,673,847,10,926
10.4,17.47,3.92,2.2083,9.78,244,6.04,4.48,40.73,71.12,7.06,13.7,0.14,563,864,381,673,847,10,788
11.84,18.83,5.36,1.9017,9.17,232.04,5.76,5.98,41.13,71.51,7.19,15.74,1.64,563,864,381,673,847,2,736
12.05,18.89,5.67,1.9017,9.33,231.7,5.81,5.97,40.95,70.68,7.2,16.16,1.93,563,864,381,673,847,3,743
12.26,19.27,5.69,1.465,9.13,237.08,5.67,6.01,39.68,70.02,7.62,16.64,1.87,563,864,381,673,847,3,662
12.48,19.6,5.79,1.3483,9.02,236.08,5.63,6.12,39.09,69.67,7.83,16.96,1.89,563,864,381,673,847,1,565
12.69,19.86,5.96,1.3483,9,235.75,5.63,6.22,38.45,69.36,7.87,17.22,2.07,563,864,381,673,847,1,508
13.35,20.54,6.56,1.3417,9.01,230.58,5.59,6.94,39.13,69.78,8.01,18.13,2.69,563,864,381,673,847,0,550
12.85,19.73,6.46,0.4133,8.38,219.58,5.19,6.65,36.23,65.84,7.82,17.6,2.81,563,864,381,673,847,2,627
12.71,19.46,6.38,0.4133,8.2,213.58,5.09,6.65,35.66,64.92,7.67,17.43,2.81,563,864,381,673,847,2,762
